<?xml version="1.0" encoding="utf-8" standalone="yes" ?>
<rss version="2.0" xmlns:atom="http://www.w3.org/2005/Atom">
  <channel>
    <title>Mysql | Macro Life</title>
    <link>https://jueqingsizhe66.github.io/categories/mysql/</link>
      <atom:link href="https://jueqingsizhe66.github.io/categories/mysql/index.xml" rel="self" type="application/rss+xml" />
    <description>Mysql</description>
    <generator>Source Themes Academic (https://sourcethemes.com/academic/)</generator><language>en-us</language><copyright>Â©2019</copyright><lastBuildDate>Thu, 18 May 2017 08:04:33 +0800</lastBuildDate>
    <image>
      <url>https://jueqingsizhe66.github.io/img/icon-192.png</url>
      <title>Mysql</title>
      <link>https://jueqingsizhe66.github.io/categories/mysql/</link>
    </image>
    
    <item>
      <title>Can You See Them From Here?</title>
      <link>https://jueqingsizhe66.github.io/blog/2017/05/18/can-you-see-them-from-here/</link>
      <pubDate>Thu, 18 May 2017 08:04:33 +0800</pubDate>
      <guid>https://jueqingsizhe66.github.io/blog/2017/05/18/can-you-see-them-from-here/</guid>
      <description>&lt;p&gt;[[Here Song]]&lt;/p&gt;

&lt;p&gt;I am here to look forward,
Nothing or many things?
I am embarrassed.&lt;/p&gt;

&lt;p&gt;what should I do here?
What is your plan? what is your target?
Come on,Come on!
Be confident, do and do it at the best,
so you can see more from here&lt;/p&gt;

&lt;p&gt;Life is a road with many ups and downs.
Looking at the stars in the sky, Doing at the desk in the grounds.&lt;/p&gt;

&lt;p&gt;ç†è§£ä½ çš„Hereï¼Œæ‰èƒ½åˆ°è¾¾There&lt;/p&gt;

&lt;p&gt;Go there Base on Here !&lt;/p&gt;

&lt;pre&gt;&lt;code&gt;
åƒé‡Œä¹‹è¡Œï¼Œå§‹äºè¶³ä¸‹;
ç™¾å±‚é«˜æ¥¼ï¼Œèµ·äºå’åœŸ;
&lt;/code&gt;&lt;/pre&gt;

&lt;p&gt;You are Here!&lt;/p&gt;

&lt;ol&gt;
&lt;li&gt;&lt;a href=&#34;http://think-like-a-git.net/sections/rebase-from-the-ground-up/a-helpful-mnemonic-for-git-rebase-arguments.html&#34; target=&#34;_blank&#34;&gt;git rebase Here There&lt;/a&gt;&lt;/li&gt;
&lt;/ol&gt;

&lt;p&gt;gitFlow&lt;/p&gt;

&lt;p&gt;The home faraway railway&lt;/p&gt;

&lt;p&gt;See the sumrise, here to go! Letâ€™s go! sumrise&lt;/p&gt;

&lt;pre&gt;&lt;code&gt;somethings added later
&lt;/code&gt;&lt;/pre&gt;

&lt;p&gt;To this point , you should understand that use to this point to let your draft become a beautiful road way in your paper.&lt;/p&gt;

&lt;p&gt;To this point , you should understand why you do this action at the current time! To this point , we can realized that there are a rule about the yaw aerodynamic characteristic.&lt;/p&gt;

&lt;p&gt;With time goes on or from now on, maybe the result before us show me some infos. See from history.&lt;/p&gt;

&lt;p&gt;Your need to find the failure time in the history, understand it, understand why.&lt;/p&gt;</description>
    </item>
    
    <item>
      <title>Mysqlä¹±ç å›é¡¾</title>
      <link>https://jueqingsizhe66.github.io/blog/2017/02/13/mysqlluan-ma-hui-gu/</link>
      <pubDate>Mon, 13 Feb 2017 10:04:33 +0800</pubDate>
      <guid>https://jueqingsizhe66.github.io/blog/2017/02/13/mysqlluan-ma-hui-gu/</guid>
      <description>&lt;p&gt;mysqlæ˜¯ä¸€ä¸ªä¸­å‹çš„æ•°æ®åº“æ“ä½œç³»ç»Ÿå¹³å°,ä»–çš„&lt;a href=&#34;http://www.linuxidc.com/Linux/2013-04/83581.htm&#34; target=&#34;_blank&#34;&gt;åŸºæœ¬ç»„æˆ&lt;/a&gt;ç”±å­˜å‚¨å¼•æ“ã€å„ä¸ªå‘½ä»¤æ¨¡å—ã€ä¼˜åŒ–å™¨ã€ç¼“å­˜å™¨ã€è§£æå™¨ã€ç”¨æˆ·æ¨¡å—ã€é“¾æ¥å™¨(connector)ç­‰ç»„æˆï¼Œ&lt;/p&gt;

&lt;p&gt;&lt;img src=&#34;https://jueqingsizhe66.github.io/images/mysql/mysql-archetype.png&#34; alt=&#34;mysql architect&#34; /&gt;&lt;/p&gt;

&lt;p&gt;å…¶ä¸­å­˜å‚¨å¼•æ“ç°åœ¨ä¸€èˆ¬é€‰ç”¨innodbå±…å¤š(å…·ä½“å¯ä»¥æŸ¥çœ‹&lt;a href=&#34;http://c.biancheng.net/cpp/html/1465.html&#34; target=&#34;_blank&#34;&gt;å„ä¸ªå­˜å‚¨å¼•æ“çš„åŒºåˆ«&lt;/a&gt;)&lt;/p&gt;

&lt;p&gt;mysqlæ“ä½œçº§åˆ«ï¼š&lt;/p&gt;

&lt;ol&gt;
&lt;li&gt;æ•°æ®åº“çº§åˆ«&lt;/li&gt;
&lt;li&gt;è¡¨çº§åˆ«&lt;/li&gt;
&lt;li&gt;å­—æ®µçº§åˆ«&lt;/li&gt;
&lt;/ol&gt;

&lt;p&gt;è€Œè¿™ä¸‰ä¸ªçº§åˆ«å°±å½±å“è¿™æ•°æ®åº“çš„ä¹±ç çº§åˆ«ã€‚ ä¸€èˆ¬äº‹å…ˆä½¿ç”¨&lt;code&gt;show variables like &#39;%char%&#39;&lt;/code&gt;, æ¥æŸ¥çœ‹mysqlçš„æ‰€æœ‰å­—ç¬¦ä¿¡æ¯ï¼Œå‚è€ƒ&lt;a href=&#34;http://www.jb51.net/article/74769.htm&#34; target=&#34;_blank&#34;&gt;mysqlä¹±ç è§£å†³&lt;/a&gt;, æ ¹æ®è¯¥æ–‡åŸºæœ¬ä¸Šå¯ä»¥è§£å†³é—®é¢˜ï¼Œå¦å¤–å¯ä»¥è¿›ä¸€æ­¥æŸ¥çœ‹å„ä¸ªå­—ç¬¦é›†å’ŒmysqlæŸ¥è¯¢æ¶‰åŠåˆ°çš„å„ä¸ªå­—ç¬¦é›†çš„å…³ç³»(å¯¹åº”å‘½ä»¤çš„æ±‚è§£), æŸ¥é˜…äº†&lt;a href=&#34;http://www.pc6.com/infoview/Article_63586.html&#34; target=&#34;_blank&#34;&gt;å¤šä¸ªé“¾æ¥&lt;/a&gt;,éƒ½æ˜¾ç¤º
&lt;code&gt;set names gbk&lt;/code&gt;å¯¹æœ€ç»ˆçš„æ˜¾ç¤ºæœ‰å½±å“ï¼Œæ ¹æ®æˆ‘çš„ä½¿ç”¨ç»éªŒæ¥è®²ï¼Œ&lt;/p&gt;

&lt;p&gt;å½“ä½ ä½¿ç”¨&lt;code&gt;set names gbk&lt;/code&gt;åˆ™å¯ä»¥æ˜¾ç¤ºæ­£å¸¸ï¼Œè€Œ&lt;code&gt;set names utf8&lt;/code&gt;åˆ™å‡ºç°ä¹±ç &lt;/p&gt;

&lt;p&gt;æˆ‘åœ¨å»ºç«‹æ•°æ®åº“çš„æ—¶å€™ä¹Ÿä½¿ç”¨äº†&lt;code&gt;create database rupeng chracter set utf8&lt;/code&gt;ç­‰ï¼Œä½†è¯•è¿‡ä¸€éåªæœ‰æœ€ç»ˆåŠ ä¸Š&lt;code&gt;set names gbk&lt;/code&gt;æœ‰æ•ˆæœã€‚&lt;/p&gt;

&lt;pre&gt;&lt;code class=&#34;language-sql&#34;&gt;set character_set_database=utf8;
set character_set_server=utf8;
set character_set_client=gbk;
set character_set_connection=gbk;

&lt;/code&gt;&lt;/pre&gt;

&lt;p&gt;ç³»ç»Ÿå˜é‡ï¼š&lt;/p&gt;

&lt;pre&gt;&lt;code&gt;
client    ä¸ºå®¢æˆ·ç«¯ä½¿ç”¨çš„å­—ç¬¦é›†ã€‚
connection    ä¸ºè¿æ¥æ•°æ®åº“çš„å­—ç¬¦é›†è®¾ç½®ç±»å‹ï¼Œå¦‚æœç¨‹åºæ²¡æœ‰æŒ‡æ˜è¿æ¥æ•°æ®åº“ä½¿ç”¨çš„å­—ç¬¦é›†ç±»å‹åˆ™æŒ‰ç…§æœåŠ¡å™¨ç«¯é»˜è®¤çš„å­—ç¬¦é›†è®¾ç½®ã€‚
database  ä¸ºæ•°æ®åº“æœåŠ¡å™¨ä¸­æŸä¸ªåº“ä½¿ç”¨çš„å­—ç¬¦é›†è®¾å®šï¼Œå¦‚æœå»ºåº“æ—¶æ²¡æœ‰æŒ‡æ˜ï¼Œå°†ä½¿ç”¨æœåŠ¡å™¨å®‰è£…æ—¶æŒ‡å®šçš„å­—ç¬¦é›†è®¾ç½®ã€‚
results   ä¸ºæ•°æ®åº“ç»™å®¢æˆ·ç«¯è¿”å›æ—¶ä½¿ç”¨çš„å­—ç¬¦é›†è®¾å®šï¼Œå¦‚æœæ²¡æœ‰æŒ‡æ˜ï¼Œä½¿ç”¨æœåŠ¡å™¨é»˜è®¤çš„å­—ç¬¦é›†ã€‚
server    ä¸ºæœåŠ¡å™¨å®‰è£…æ—¶æŒ‡å®šçš„é»˜è®¤å­—ç¬¦é›†è®¾å®šã€‚
system    ä¸ºæ•°æ®åº“ç³»ç»Ÿä½¿ç”¨çš„å­—ç¬¦é›†è®¾å®šã€‚

â€“ character_set_clientï¼šå®¢æˆ·ç«¯æ¥æºæ•°æ®ä½¿ç”¨çš„å­—ç¬¦é›†
â€“ character_set_connectionï¼šè¿æ¥å±‚å­—ç¬¦é›†
â€“ character_set_databaseï¼šå½“å‰é€‰ä¸­æ•°æ®åº“çš„é»˜è®¤å­—ç¬¦é›†
â€“ character_set_resultsï¼šæŸ¥è¯¢ç»“æœå­—ç¬¦é›†
â€“ character_set_serverï¼šé»˜è®¤çš„å†…éƒ¨æ“ä½œå­—ç¬¦é›†
â€“ character_set_systemï¼šç³»ç»Ÿå…ƒæ•°æ®(å­—æ®µåç­‰)å­—ç¬¦é›†

&lt;/code&gt;&lt;/pre&gt;

&lt;p&gt;&lt;a href=&#34;http://blog.csdn.net/sunqing0316/article/details/46680617&#34; target=&#34;_blank&#34;&gt;mysqlå­—ç¬¦é›†è½¬æ¢è¿‡ç¨‹&lt;/a&gt;&lt;/p&gt;

&lt;pre&gt;&lt;code&gt;
1. MySQL Serveræ”¶åˆ°è¯·æ±‚æ—¶å°†è¯·æ±‚æ•°æ®ä»character_set_clientè½¬æ¢ä¸ºcharacter_set_connectionï¼›
2. è¿›è¡Œå†…éƒ¨æ“ä½œå‰å°†è¯·æ±‚æ•°æ®ä»character_set_connectionè½¬æ¢ä¸ºå†…éƒ¨æ“ä½œå­—ç¬¦é›†ï¼Œå…¶ç¡®å®šæ–¹æ³•å¦‚ä¸‹ï¼š
â€¢ ä½¿ç”¨æ¯ä¸ªæ•°æ®å­—æ®µçš„CHARACTER SETè®¾å®šå€¼ï¼›
â€¢ è‹¥ä¸Šè¿°å€¼ä¸å­˜åœ¨ï¼Œåˆ™ä½¿ç”¨å¯¹åº”æ•°æ®è¡¨çš„DEFAULT CHARACTER SETè®¾å®šå€¼(MySQLæ‰©å±•ï¼ŒéSQLæ ‡å‡†)ï¼›
â€¢ è‹¥ä¸Šè¿°å€¼ä¸å­˜åœ¨ï¼Œåˆ™ä½¿ç”¨å¯¹åº”æ•°æ®åº“çš„DEFAULT CHARACTER SETè®¾å®šå€¼ï¼›
â€¢ è‹¥ä¸Šè¿°å€¼ä¸å­˜åœ¨ï¼Œåˆ™ä½¿ç”¨character_set_serverè®¾å®šå€¼ã€‚
3. å°†æ“ä½œç»“æœä»å†…éƒ¨æ“ä½œå­—ç¬¦é›†è½¬æ¢ä¸ºcharacter_set_resultsã€‚

&lt;/code&gt;&lt;/pre&gt;

&lt;p&gt;å‚è€ƒ&lt;a href=&#34;http://www.2cto.com/database/201410/341144.html&#34; target=&#34;_blank&#34;&gt; myeclipse-mysql &lt;/a&gt;,æœ‰ä¸€ä¸ªåŸåˆ™å°±æ˜¯ä¸è¦è®©ä½ çš„characterå‡ºç°latin1ç¼–ç å³å¯&lt;/p&gt;

&lt;p&gt;æˆ‘ä»¬æ“ä½œæ‰€æœ‰æ•°æ®åº“mysqlä¸­å‹,sqlite,postgreSqlæµè¡Œ,db2(IBM)ä¼ä¸šçº§,oracleå¤§å‹è¿ç”¨ä¼ä¸šçº§,informix(IBM), sql server&lt;/p&gt;

&lt;ol&gt;
&lt;li&gt;&lt;a href=&#34;http://www.yiibai.com/mysql/mysql_quick_start.html&#34; target=&#34;_blank&#34;&gt; mysqlå¿«é€Ÿå…¥é—¨å­¦ä¹  &lt;/a&gt;&lt;/li&gt;
&lt;li&gt;&lt;a href=&#34;http://www.w3school.com.cn/sql/sql_intro.asp&#34; target=&#34;_blank&#34;&gt; W3C sqlå…¥é—¨æ•™ç¨‹ &lt;/a&gt;&lt;/li&gt;
&lt;li&gt;&lt;a href=&#34;http://blog.csdn.net/hgd613/article/details/50433135&#34; target=&#34;_blank&#34;&gt; å·¦è¿æ¥ &lt;/a&gt;&lt;/li&gt;
&lt;li&gt;&lt;a href=&#34;http://database.51cto.com/art/200511/12708.htm&#34; target=&#34;_blank&#34;&gt; 51ctoæ•°æ®åº“è®ºå› &lt;/a&gt;&lt;/li&gt;
&lt;/ol&gt;</description>
    </item>
    
    <item>
      <title>mysql2æœˆ15æ—¥Javaç­ä½œä¸šç¬”è®°</title>
      <link>https://jueqingsizhe66.github.io/blog/2015/05/11/mysql2yue-15ri-javaban-zuo-ye-bi-ji/</link>
      <pubDate>Mon, 11 May 2015 14:58:45 +0800</pubDate>
      <guid>https://jueqingsizhe66.github.io/blog/2015/05/11/mysql2yue-15ri-javaban-zuo-ye-bi-ji/</guid>
      <description>&lt;p&gt;1ã€MYSQLå®˜æ–¹ç‰ˆä¸‹è½½åœ°å€ï¼ˆä¸æ¨èåˆå­¦è€…ä½¿ç”¨ï¼‰ï¼š&lt;a href=&#34;http://www.mysql.com/downloads/&#34; target=&#34;_blank&#34;&gt;http://www.mysql.com/downloads/&lt;/a&gt;
    å¦‚é¹ç½‘ç‰ˆç»¿è‰²å…å®‰è£…ç‰ˆMYSQLï¼ˆæ¨èåˆå­¦è€…ä½¿ç”¨ï¼‰ï¼š&lt;a href=&#34;http://pan.baidu.com/s/1c0COfGc&#34; target=&#34;_blank&#34;&gt;http://pan.baidu.com/s/1c0COfGc&lt;/a&gt;
2ã€ å¸¸ç”¨æ¦‚å¿µ
       ä¸€èˆ¬æˆ‘ä»¬è¯´çš„æ•°æ®åº“æ˜¯æŒ‡DBMSï¼Œæ•°æ®åº“ç®¡ç†ç³»ç»Ÿï¼Œæ¯”å¦‚â€œä½ ç”¨äº†ä»€ä¹ˆæ•°æ®åº“â€ï¼Œâ€œä½ ä¼šç”¨ä»€ä¹ˆæ•°æ®åº“â€,â€ä½ æŠŠæ•°æ®åº“åˆ äº†â€ã€‚å‰ä¸¤ä¸ªæ˜¯DBMSï¼Œç¬¬ä¸‰ä¸ªæ˜¯æŒ‡çš„æ˜¯çœŸå®çš„æ•°æ®
åº“ï¼ˆdatabaseï¼‰ï¼šä¼—å¤šäº‹ç‰©çš„é›†åˆ
è¡¨(table)ï¼šå°±æ˜¯ä¸€ç±»äº‹ç‰©çš„é›†åˆ
åˆ—(column)ï¼šæŸç±»äº‹ç‰©çš„å…·ä½“çš„å­—æ®µã€‚ä¹Ÿå«åšå­—æ®µã€‚&lt;/p&gt;

&lt;p&gt;3.è§£å‹åè¿è¡Œ mysqlæ–‡ä»¶å¤¹ä¸‹çš„mysqld.exe,å¯åŠ¨mysqlæœåŠ¡å™¨
4.è¿è¡Œmysql
C:\mysql\bin&amp;gt;mysql-uroot â€“proot
å¤åˆ¶ä»£ç &lt;/p&gt;

&lt;p&gt;5:æ˜¾ç¤ºå½“å‰æ‰€æœ‰çš„ä»“åº“&lt;/p&gt;

&lt;pre&gt;&lt;code class=&#34;language-mysql&#34;&gt;mysql&amp;gt; show databases;
+--------------------+
| Database           |
+--------------------+
| information_schema|
| customer           |
| mysql              |
| performance_schema|
| study              |
| t_employees        |
+--------------------+
6 rows in set (0.39sec)
&lt;/code&gt;&lt;/pre&gt;

&lt;p&gt;6ï¼šåˆ›å»ºäº†ä¸€ä¸ªdatabase&lt;/p&gt;

&lt;pre&gt;&lt;code class=&#34;language-mysql&#34;&gt;mysql&amp;gt; create database test;
Query OK, 1 rowaffected (0.10 sec)
&lt;/code&gt;&lt;/pre&gt;

&lt;p&gt;7:çœŸçš„æœ‰äº†test&lt;/p&gt;

&lt;pre&gt;&lt;code class=&#34;language-mysql&#34;&gt;mysql&amp;gt; show databases;
+--------------------+
| Database           |
+--------------------+
| information_schema|
| customer           |
| mysql              |
| performance_schema|
| study              |
| t_employees        |
| test               |
+--------------------+
&lt;/code&gt;&lt;/pre&gt;

&lt;p&gt;8ï¼šä½¿ç”¨teståº“&lt;/p&gt;

&lt;pre&gt;&lt;code class=&#34;language-mysql&#34;&gt;mysql&amp;gt; use test;
Database changed
&lt;/code&gt;&lt;/pre&gt;

&lt;p&gt;9ï¼šæ˜¾ç¤ºè¡¨æ ¼ï¼Œä¸€ä¸ªè¡¨æ ¼éƒ½æ²¡æœ‰&lt;/p&gt;

&lt;pre&gt;&lt;code class=&#34;language-mysql&#34;&gt;mysql&amp;gt; show tables;
Empty set (0.04 sec)
&lt;/code&gt;&lt;/pre&gt;

&lt;p&gt;10ï¼šåˆ›å»ºè¡¨æ ¼
ä¸»é”®ï¼šprimary key ä¸€èˆ¬ä¸€å¼ è¡¨ä¸€ä¸ªä¸»é”®ï¼Œä¸”è¯¥ä¸»é”®ä¸€èˆ¬æ˜¯æ²¡æœ‰ä»»ä½•çš„ç‰©ç†æ„ä¹‰æˆ–è€…ä¸šåŠ¡æ„ä¹‰çš„æ•°å­—ï¼Œæ¯”å¦‚èº«ä»½è¯ID
Auto_increment:è‡ªå¢é•¿çš„å¥½å¤„ï¼Œæ˜¯å¯ä»¥ä¸å¿…è®¾ç½®è¯¥åˆ—çš„å€¼ï¼Œè‡ªåŠ¨å¢é•¿ï¼ˆè‡ªåŠ¨å¢é•¿çš„æ­¥æ•°ä¸€èˆ¬ä¸º1ï¼Œä¹Ÿå¯ä»¥æ›´æ”¹ï¼Œshow variables like â€˜%auto_inc%â€™æŸ¥è¯¢å¦‚ä½•è®¾ç½®ã€‚ï¼‰
Engine:ä¸€æŠŠæ˜¯è®¾ç½®ä¸ºinnodbï¼Œä¹Ÿå¯ä»¥æœ‰å…¶ä»–çš„æ¯”å¦‚myisamï¼Œmemoryç­‰
Not nullï¼šæ˜¯æ¯”è¾ƒå¥½çš„è®¾è®¡è¡¨çš„æ–¹å¼ï¼Œæ®è¯´å¯ä»¥åŠ å¿«è¡¨çš„ç´¢å¼•é€Ÿåº¦ï¼Œè¡¨ç¤ºéç©º&lt;/p&gt;

&lt;p&gt;Default:  é»˜è®¤ è¡¨ç¤ºé»˜è®¤å€¼ ä¸€èˆ¬æ˜¯default value;&lt;/p&gt;

&lt;pre&gt;&lt;code class=&#34;language-mysql&#34;&gt;mysql&amp;gt; create table apple(
    -&amp;gt; id int auto_increment primary key,
    -&amp;gt; name varchar(20) not null default &#39;&#39;)engine = innodb;
Query OK, 0 rowsaffected (0.69 sec)
&lt;/code&gt;&lt;/pre&gt;

&lt;p&gt;10ï¼šçš„ç¡®æ˜¯æœ‰äº†ä¸€å¼ appleè¡¨&lt;/p&gt;

&lt;pre&gt;&lt;code class=&#34;language-mysql&#34;&gt;mysql&amp;gt; show tables;
+----------------+
| Tables_in_test |
+----------------+
| apple          |
+----------------+
1 row in set (0.00sec)
&lt;/code&gt;&lt;/pre&gt;

&lt;p&gt;11ï¼šæŸ¥çœ‹appleè¡¨ç»“æ„&lt;/p&gt;

&lt;pre&gt;&lt;code class=&#34;language-mysql&#34;&gt;mysql&amp;gt; desc apple;
+-------+-------------+------+-----+---------+----------------+
| Field | Type        | Null | Key | Default | Extra          |
+-------+-------------+------+-----+---------+----------------+
| id    | int(11)     | NO  | PRI | NULL    | auto_increment |
| name  | varchar(20) | NO   |    |         |                |
+-------+-------------+------+-----+---------+----------------+
2 rows in set (0.09sec)
&lt;/code&gt;&lt;/pre&gt;

&lt;p&gt;ç±»ä¼¼çš„æŸ¥çœ‹æ–¹å¼1ï¼š&lt;/p&gt;

&lt;pre&gt;&lt;code class=&#34;language-mysql&#34;&gt;mysql&amp;gt; explain apple;
+-------+-------------+------+-----+---------+----------------+
| Field | Type        | Null | Key | Default | Extra          |
+-------+-------------+------+-----+---------+----------------+
| id    | int(11)     | NO  | PRI | NULL    | auto_increment |
| name  | varchar(20) | NO   |    |         |                |
+-------+-------------+------+-----+---------+----------------+
2 rows in set (0.00sec)
&lt;/code&gt;&lt;/pre&gt;

&lt;p&gt;ç±»ä¼¼çš„æŸ¥çœ‹æ–¹å¼2ï¼š&lt;/p&gt;

&lt;pre&gt;&lt;code class=&#34;language-mysql&#34;&gt;mysql&amp;gt; show columns from apple;
+-------+-------------+------+-----+---------+----------------+
| Field | Type        | Null | Key | Default | Extra          |
+-------+-------------+------+-----+---------+----------------+
| id    | int(11)     | NO  | PRI | NULL    | auto_increment |
| name  | varchar(20) | NO   |    |         |                |
+-------+-------------+------+-----+---------+----------------+
2 rows in set (0.00sec)
&lt;/code&gt;&lt;/pre&gt;

&lt;p&gt;æœ€æœ¬è´¨çš„æŸ¥çœ‹è¡¨ç»“æ„çš„æ–¹å¼ï¼š&lt;/p&gt;

&lt;pre&gt;&lt;code class=&#34;language-mysql&#34;&gt;mysql&amp;gt; show create table apple\G;
***************************1. row ***************************
       Table: apple
Create Table: CREATETABLE `apple` (
  `id` int(11) NOT NULL AUTO_INCREMENT,
  `name` varchar(20) NOT NULL DEFAULT &#39;&#39;,
  PRIMARY KEY (`id`)
) ENGINE=InnoDBDEFAULT CHARSET=latin1
1 row in set (0.00sec)
ERROR:
No query specified
&lt;/code&gt;&lt;/pre&gt;

&lt;p&gt;13æ’å…¥è¡¨æ•°æ®&lt;/p&gt;

&lt;pre&gt;&lt;code class=&#34;language-mysql&#34;&gt;mysql&amp;gt; insert into apple values (1,&#39;tab&#39;),(2,&#39;ctrl&#39;),(3,&#39;shift&#39;);
Query OK, 3 rowsaffected (0.39 sec)
Records: 3  Duplicates: 0 Warnings: 0
&lt;/code&gt;&lt;/pre&gt;

&lt;p&gt;14 æŸ¥çœ‹è¡¨æ•°æ®&lt;/p&gt;

&lt;pre&gt;&lt;code class=&#34;language-mysql&#34;&gt;mysql&amp;gt; select *from apple;
+----+-------+
| id | name  |
+----+-------+
|  1 | tab  |
|  2 | ctrl |
|  3 | shift |
+----+-------+
3 rows in set (0.00sec)
&lt;/code&gt;&lt;/pre&gt;

&lt;p&gt;15 æ’å…¥æ•°æ®&lt;/p&gt;

&lt;pre&gt;&lt;code class=&#34;language-mysql&#34;&gt;mysql&amp;gt; insert into apple(id,name) values(4,&#39;caps&#39;);
Query OK, 1 rowaffected (0.08 sec)
mysql&amp;gt; insert intoapple values (6,&#39;tomato&#39;);
Query OK, 1 rowaffected (0.09 sec)
&lt;/code&gt;&lt;/pre&gt;

&lt;p&gt;ä¸ºä»€ä¹ˆè¿™ç§æ–¹å¼ä¸è¡Œå‘¢ï¼Ÿ æ­£åœ¨æŸ¥&lt;/p&gt;

&lt;pre&gt;&lt;code class=&#34;language-mysql&#34;&gt;mysql&amp;gt; insert into apple values (&#39;tomato&#39;);
ERROR 1136 (21S01):Column count doesn&#39;t match value count at row 1
åˆ©ç”¨mysqlçš„æœ€ä½³å·¥å…·help
mysql&amp;gt; helpauto_increment;
Name:&#39;AUTO_INCREMENT&#39;
Description: â€¦.
Examples:
CREATE TABLE animals(
     id MEDIUMINT NOT NULL AUTO_INCREMENT,
     name CHAR(30) NOT NULL,
     PRIMARY KEY (id)
);
INSERT INTO animals(name) VALUES
    (&#39;dog&#39;),(&#39;cat&#39;),(&#39;penguin&#39;),
(&#39;lax&#39;),(&#39;whale&#39;),(&#39;ostrich&#39;);
&lt;/code&gt;&lt;/pre&gt;

&lt;p&gt;æ‰€ä»¥è§£å†³æ–¹æ³•æ˜¯ï¼š&lt;/p&gt;

&lt;pre&gt;&lt;code class=&#34;language-mysql&#34;&gt;mysql&amp;gt; insert into apple (name) values(&amp;quot;backspace&amp;quot;);
Query OK, 1 rowaffected (0.10 sec)
mysql&amp;gt; select * from apple;
+----+-----------+
| id | name      |
+----+-----------+
|  1 | tab       |
|  2 | ctrl      |
|  3 | shift     |
|  4 | caps      |
|  6 | tomato    |
|  7 | backspace |
+----+-----------+
6 rows in set (0.00 sec)
&lt;/code&gt;&lt;/pre&gt;

&lt;p&gt;16:æ— æ„ä¸­æ·»åŠ äº†ä¸€è¡Œæ²¡æœ‰å¿…è¦çš„æ•°æ®&lt;/p&gt;

&lt;pre&gt;&lt;code class=&#34;language-mysql&#34;&gt;mysql&amp;gt; insert into apple (name) values(&amp;quot;luanqibazhao&amp;quot;);
Query OK, 1 row affected (0.11 sec)
mysql&amp;gt; select * from apple;
+----+--------------+
| id | name         |
+----+--------------+
|  1 | tab          |
|  2 | ctrl         |
|  3 | shift        |
|  4 | caps         |
|  6 | tomato       |
|  7 | backspace    |
|  8 | luanqibazhao |
+----+--------------+
7 rows in set (0.00 sec)
&lt;/code&gt;&lt;/pre&gt;

&lt;p&gt;17ï¼šåˆ æ‰id=8çš„æ•°æ®&lt;/p&gt;

&lt;pre&gt;&lt;code class=&#34;language-mysql&#34;&gt;mysql&amp;gt; delete * from apple where id=8 andname=&amp;quot;luanqibazhao&amp;quot;;
ERROR 1064 (42000): You have an error in your SQL syntax; check themanual that
corresponds to your MySQL server version for the right syntax to usenear &#39;* fro
m apple where id=8 and name=&amp;quot;luanqibazhao&amp;quot;&#39; at line 1
&lt;/code&gt;&lt;/pre&gt;

&lt;p&gt;ä¸ºä»€ä¹ˆä¸è¡Œï¼Ÿ
æŸ¥çœ‹å¸®åŠ©&lt;/p&gt;

&lt;pre&gt;&lt;code class=&#34;language-mysql&#34;&gt;mysql&amp;gt; help delete;
Name: &#39;DELETE&#39;
Description:
Syntax:
DELETE is a DML statement that removes rows from a table.
Single-Table Syntax
DELETE [LOW_PRIORITY] [QUICK] [IGNORE] FROM tbl_name
    [PARTITION(partition_name,...)]
    [WHERE where_condition]
    [ORDER BY ...]
[LIMIT row_count]
The DELETE statement deletes rows fromtbl_name and returns the number
of deleted rows. To check the number ofdeleted rows, call the
ROW_COUNT() function describedin
&lt;/code&gt;&lt;/pre&gt;

&lt;p&gt;åŸæ¥æ˜¯è¯­æ³•é”™è¯¯&lt;/p&gt;

&lt;pre&gt;&lt;code class=&#34;language-mysql&#34;&gt;mysql&amp;gt; delete from apple where id=8 andname=&amp;quot;luanqibazhao&amp;quot;;
Query OK, 1 row affected (0.11 sec)
&lt;/code&gt;&lt;/pre&gt;

&lt;p&gt;çœŸçš„åˆ æ‰äº†ï¼&lt;/p&gt;

&lt;pre&gt;&lt;code class=&#34;language-mysql&#34;&gt;mysql&amp;gt; select * from apple;
+----+-----------+
| id | name      |
+----+-----------+
|  1 |tab       |
|  2 |ctrl      |
|  3 |shift     |
|  4 |caps      |
|  6 |tomato    |
|  7 |backspace |
+----+-----------+
6 rows in set (0.00 sec)
&lt;/code&gt;&lt;/pre&gt;

&lt;p&gt;18.æœ‰æ—¶å€™æˆ‘ä»¬è¿˜æƒ³ç€æ›´æ–°æŸä¸ªidçš„å€¼&lt;/p&gt;

&lt;pre&gt;&lt;code class=&#34;language-mysql&#34;&gt;mysql&amp;gt; update apple set name=caps1 from id=4;
ERROR 1064 (42000): You have an error in yourSQL syntax; check the manual that
corresponds to your MySQL server version forthe right syntax to use near &#39;from
id =4&#39; at line 1
&lt;/code&gt;&lt;/pre&gt;

&lt;p&gt;ä¸ºä»€ä¹ˆæŠ¥é”™å‘¢ï¼Ÿå¯ä»¥ä½¿ç”¨show errors æŸ¥çœ‹æŠ¥é”™ä¿¡æ¯ç±»ä¼¼çš„show warnings;&lt;/p&gt;

&lt;p&gt;æŸ¥è¯¢å¸®åŠ©ï¼š&lt;/p&gt;

&lt;pre&gt;&lt;code class=&#34;language-mysql&#34;&gt;mysql&amp;gt; help  update
Name: &#39;UPDATE&#39;
Description:
Syntax:
Single-table syntax:
UPDATE [LOW_PRIORITY] [IGNORE]table_reference
    SETcol_name1={expr1|DEFAULT} [, col_name2={expr2|DEFAULT}] ...
   [WHERE where_condition]
   [ORDER BY ...]
   [LIMIT row_count]
&lt;/code&gt;&lt;/pre&gt;

&lt;p&gt;å¸®åŠ©ä¸­æ˜¾ç¤ºå¹¶æ²¡æœ‰fromçš„åç¼€ï¼Œäºæ˜¯æŠŠfromæ”¹ä¸ºwhereï¼Œç„¶åå†è®©caps1åŠ ä¸Šå•å¼•å·ã€‚
ç¬¬ä¸€ä¸ªé”™è¯¯ä¿®æ­£åŠ ä¸Šå•å¼•å·
ç¬¬äºŒä¸ªé”™è¯¯ä¿®æ­£ fromæ”¹ä¸ºwhere&lt;/p&gt;

&lt;pre&gt;&lt;code class=&#34;language-mysql&#34;&gt;mysql&amp;gt; update apple set name=&#39;caps1&#39; whereid =4;
Query OK, 1 row affected (0.16 sec)
Rows matched: 1  Changed: 1 Warnings: 0
&lt;/code&gt;&lt;/pre&gt;

&lt;p&gt;åˆ°è¿™è¾¹ä¸ºæ­¢ï¼Œæ˜¯å…¨å¥—çš„mysqlçš„å¸¸ç”¨åŸºæœ¬æŒ‡ä»¤ï¼ŒåŒ…å«å»ºåº“ï¼Œå»ºè¡¨ï¼Œæ’å…¥è¡¨æ•°æ®ï¼Œåˆ é™¤è¡¨æ•°æ®ï¼Œæ›´æ–°è¡¨æ•°æ®ï¼ŒæŸ¥è¯¢åº“ï¼ŒæŸ¥è¯¢è¡¨ï¼ŒæŸ¥è¯¢è¡¨æ•°æ®ã€‚å½“ç„¶å¯èƒ½å°‘äº†æ¸…ç©ºè¡¨æ•°æ®ï¼ˆtruncate table appleï¼‰åˆ é™¤è¡¨ï¼ˆdrop table appleï¼‰,åˆ é™¤åº“ï¼ˆdrop database testï¼‰&lt;/p&gt;

&lt;p&gt;æœ‰æ—¶å€™æˆ‘ä»¬å¯èƒ½ä¿®æ”¹è¡¨çš„ç»“æ„&lt;/p&gt;

&lt;p&gt;äºæ˜¯æˆ‘ä»¬é¦–å…ˆæŸ¥è¯¢è¡¨ï¼Œå¹¶å¢åŠ äº†ä¸€ä¸ªageå­—æ®µï¼Œè¯¥å­—æ®µæ˜¯ä»€ä¹ˆæ•°æ®ç±»å‹ï¼Ÿã€€ä¿è¯æ•°æ®å­˜å‚¨ï¼Œå¹¶é«˜æ•ˆã€‚&lt;/p&gt;

&lt;pre&gt;&lt;code class=&#34;language-mysql&#34;&gt;mysql&amp;gt; desc apple;
+-------+-------------+------+-----+---------+----------------+
| Field | Type        | Null | Key | Default | Extra          |
+-------+-------------+------+-----+---------+----------------+
| id    | int(11)     | NO   | PRI | NULL    | auto_increment |
| name  | varchar(20) | NO   |     |         |                |
+-------+-------------+------+-----+---------+----------------+
&lt;/code&gt;&lt;/pre&gt;

&lt;p&gt;å°å§äº†å¦‚ä¸‹çš„æ•´å½¢æ•°æ®çš„è®¾è®¡è€ƒè™‘ï¼š
åˆ†ä¸ºä¸¤ç±»ä¸€ç±»æ˜¯ç²¾å‡†æ•°å€¼ç±»å‹ï¼Œå¦ä¸€ç±»ä¸ºéç²¾å‡†å‹
åŒ…å«æ•´æ•°å’Œå°æ•°&lt;/p&gt;

&lt;p&gt;TinyInt :(-128-127  æˆ–è€…unsigned æ˜¯  0-256)
           ä¸€èˆ¬ç”¨äº  Age å¹´é¾„å­—æ®µï¼ˆæ ‘çš„å¹´é¾„å¯èƒ½è¿‡å¤§&lt;/p&gt;

&lt;p&gt;SmallIntï¼šå…·ä½“çš„æ•°å€¼èŒƒå›´å¯ä»¥ç”¨help smallintæŸ¥åˆ°
         ä¸€èˆ¬ç”¨äºæŠ€èƒ½å€¼
          ids
mediumint  ä¸€èˆ¬ç”¨äº   Auto_increment
                      Row number è¡Œæ•°æ˜¯å¤Ÿçš„ï¼ï¼
                    è¡Œæ•°ä¸€èˆ¬ä¹Ÿæ˜¯1600è¡Œ  æœ€å¤§çš„æš‚æ—¶æœ‰åšåˆ°8äº¿ï¼Œä½†æ˜¯æ•°æ®ä¸€å¤§ä¼šå½±å“
                    åˆ°mysqlçš„å­˜å‚¨é—®é¢˜ï¼Œæ‰€ä»¥ä¸€èˆ¬æ˜¯åˆ†åº“åˆ†è¡¨
int(integer) ï¼š
           ä¸€èˆ¬ç”¨äº  Auto_increment
                    æ¯”å¦‚  money  ï¼Œ salary å°±å¤Ÿäº†ï¼ˆæ¸¸æˆå½“ä¸­çš„é’±ã€€é€šå¸¸ä¼šè¾ƒå¤§ï¼‰&lt;/p&gt;

&lt;p&gt;BigInt  : ä¸€èˆ¬ç”¨äºç§‘å­¦è®¡ç®—
             äººå£æ•° Population&lt;/p&gt;

&lt;p&gt;ç²¾å‡†æ€§æœ‰ä¸€ç±»æ¯”è¾ƒç‰¹æ®Šçš„DECIMAL(DEC)
DECIMAL(f,g)   fè¡¨ç¤ºæ€»çš„ä½æ•°  gè¡¨ç¤ºå°æ•°ç‚¹åçš„ä½æ•°
æ¯”å¦‚   money DECIMAL(12,2)
           é‚£ä¹ˆå­˜å‚¨ä¼šæ¶ˆè€—  æ•´æ•°éƒ¨åˆ†ï¼šï¼ˆ12-2ï¼‰  = 9(==4ä¸ªå­—èŠ‚ è§„å®š ) + &lt;sup&gt;1&lt;/sup&gt;&amp;frasl;&lt;sub&gt;2&lt;/sub&gt; =5
                           å°æ•°éƒ¨åˆ†ï¼š &lt;sup&gt;2&lt;/sup&gt;&amp;frasl;&lt;sub&gt;2&lt;/sub&gt; = 1
                               æ€»æ¶ˆè€—ï¼š 5+1  =6 ä¸ªå­—èŠ‚&lt;/p&gt;

&lt;p&gt;éç²¾å‡†å‹ï¼š
Float(p)
Real  pè¡¨ç¤ºprecise
DOUBLE PRECISE&lt;/p&gt;

&lt;p&gt;äºæ˜¯æˆ‘ä»¬é€‰æ‹©age å­—æ®µä¸ºtinyintå³å¯ã€‚&lt;/p&gt;

&lt;pre&gt;&lt;code class=&#34;language-mysql&#34;&gt;mysql&amp;gt; alter table apple add age tinyint not null default 0;
Query OK, 0 rows affected (0.89 sec)
Records: 0  Duplicates: 0  Warnings: 0
&lt;/code&gt;&lt;/pre&gt;

&lt;p&gt;å†æ¬¡æŸ¥è¯¢è¡¨ç»“æ„&lt;/p&gt;

&lt;pre&gt;&lt;code class=&#34;language-mysql&#34;&gt;mysql&amp;gt; desc apple;
+-------+-------------+------+-----+---------+----------------+
| Field | Type        | Null | Key | Default | Extra          |
+-------+-------------+------+-----+---------+----------------+
| id    | int(11)     | NO   | PRI | NULL    | auto_increment |
| name  | varchar(20) | NO   |     |         |                |
| age   | tinyint(4)  | NO   |     | 0       |                |
+-------+-------------+------+-----+---------+----------------+
3 rows in set (0.05 sec)
&lt;/code&gt;&lt;/pre&gt;

&lt;p&gt;æŸ¥è¯¢è¡¨æ•°æ®ï¼š&lt;/p&gt;

&lt;pre&gt;&lt;code class=&#34;language-mysql&#34;&gt;mysql&amp;gt; select * from apple;
+----+-----------+-----+
| id | name      | age |
+----+-----------+-----+
|  1 | tab       |   0 |
|  2 | ctrl      |   0 |
|  3 | shift     |   0 |
|  4 | caps1     |   0 |
|  6 | tomato    |   0 |
|  7 | backspace |   0 |
+----+-----------+-----+
6 rows in set (0.00 sec)
&lt;/code&gt;&lt;/pre&gt;

&lt;p&gt;æœ‰æ—¶å€™æˆ‘ä»¬å¯èƒ½ä¿®æ”¹è¡¨çš„ç»“æ„
äºæ˜¯æˆ‘ä»¬é¦–å…ˆæŸ¥è¯¢è¡¨ï¼Œå¹¶å¢åŠ äº†ä¸€ä¸ªageå­—æ®µï¼Œè¯¥å­—æ®µæ˜¯ä»€ä¹ˆæ•°æ®ç±»å‹ï¼Œæ‰èƒ½ä¿è¯æ›´åŠ é«˜æ•ˆã€‚&lt;/p&gt;

&lt;pre&gt;&lt;code class=&#34;language-mysql&#34;&gt;mysql&amp;gt; desc apple;
+-------+-------------+------+-----+---------+----------------+
| Field | Type        | Null | Key | Default | Extra          |
+-------+-------------+------+-----+---------+----------------+
| id    | int(11)     | NO   | PRI | NULL    | auto_increment |
| name  | varchar(20) | NO   |     |         |                |
+-------+-------------+------+-----+---------+----------------+
&lt;/code&gt;&lt;/pre&gt;

&lt;p&gt;åˆ†ä¸ºä¸¤ç±»ä¸€ç±»æ˜¯ç²¾å‡†æ•°å€¼ç±»å‹ï¼Œå¦ä¸€ç±»ä¸ºéç²¾å‡†å‹&lt;/p&gt;

&lt;p&gt;åŒ…å«æ•´æ•°å’Œå°æ•°&lt;/p&gt;

&lt;p&gt;è®¾è®¡è€ƒè™‘ï¼š&lt;/p&gt;

&lt;p&gt;TinyInt :(-128-127  æˆ–è€…unsigned æ˜¯   0-256)&lt;/p&gt;

&lt;pre&gt;&lt;code&gt;       ä¸€èˆ¬ç”¨äº  Age  å¹´é¾„å­—æ®µï¼ˆæ ‘çš„å¹´é¾„å¯èƒ½è¿‡å¤§
&lt;/code&gt;&lt;/pre&gt;

&lt;p&gt;SmallIntï¼šï¼ˆå¯ä»¥æŸ¥è¯¢help smallint æ¥æŸ¥çœ‹æ•°å€¼èŒƒå›´ï¼‰&lt;/p&gt;

&lt;pre&gt;&lt;code&gt;     ä¸€èˆ¬ç”¨äºæŠ€èƒ½å€¼

      ids
&lt;/code&gt;&lt;/pre&gt;

&lt;p&gt;mediumint  ä¸€èˆ¬ç”¨äº    Auto_increment&lt;/p&gt;

&lt;pre&gt;&lt;code&gt;                  Row number  è¡Œæ•°æ˜¯å¤Ÿçš„ï¼ï¼

                è¡Œæ•°ä¸€èˆ¬ä¹Ÿæ˜¯1600è¡Œ  æœ€å¤§çš„æš‚æ—¶æœ‰åšåˆ°8äº¿ï¼Œä½†æ˜¯æ•°æ®ä¸€å¤§ä¼šå½±å“

                åˆ°mysqlçš„å­˜å‚¨é—®é¢˜ï¼Œæ‰€ä»¥ä¸€èˆ¬æ˜¯åˆ†åº“åˆ†è¡¨
&lt;/code&gt;&lt;/pre&gt;

&lt;p&gt;int(integer) ï¼š&lt;/p&gt;

&lt;pre&gt;&lt;code&gt;       ä¸€èˆ¬ç”¨äº   Auto_increment

                æ¯”å¦‚   money   salary å°±å¤Ÿäº†
&lt;/code&gt;&lt;/pre&gt;

&lt;p&gt;BigInt  : ä¸€èˆ¬ç”¨äºç§‘å­¦è®¡ç®—&lt;/p&gt;

&lt;pre&gt;&lt;code&gt;         äººå£æ•° Population
&lt;/code&gt;&lt;/pre&gt;

&lt;p&gt;ç²¾å‡†æ€§æœ‰ä¸€ç±»æ¯”è¾ƒç‰¹æ®Šçš„DECIMAL(DEC)&lt;/p&gt;

&lt;p&gt;DECIMAL(f,g)   fè¡¨ç¤ºæ€»çš„ä½æ•°  gè¡¨ç¤ºå°æ•°ç‚¹åçš„ä½æ•°&lt;/p&gt;

&lt;p&gt;æ¯”å¦‚    money DECIMAL(12,2)&lt;/p&gt;

&lt;pre&gt;&lt;code&gt;       é‚£ä¹ˆå­˜å‚¨ä¼šæ¶ˆè€—  æ•´æ•°éƒ¨åˆ†ï¼šï¼ˆ12-2ï¼‰  =  9(==4ä¸ªå­—èŠ‚ è§„å®š ) + 1/2 =5

                       å°æ•°éƒ¨åˆ†ï¼š 2/2 = 1

                           æ€»æ¶ˆè€—ï¼š 5+1   =6 ä¸ªå­—èŠ‚
&lt;/code&gt;&lt;/pre&gt;

&lt;p&gt;éç²¾å‡†å‹ï¼š&lt;/p&gt;

&lt;p&gt;Float(p)&lt;/p&gt;

&lt;p&gt;Real  pè¡¨ç¤ºprecise&lt;/p&gt;

&lt;p&gt;DOUBLE PRECISE&lt;/p&gt;

&lt;p&gt;äºæ˜¯æˆ‘ä»¬é€‰æ‹©age å­—æ®µä¸ºtinyintå³å¯ã€‚&lt;/p&gt;

&lt;pre&gt;&lt;code class=&#34;language-mysql&#34;&gt;mysql&amp;gt; alter table apple add age tinyint not null default 0;
Query OK, 0 rows affected (0.89 sec)
Records: 0  Duplicates: 0  Warnings: 0
&lt;/code&gt;&lt;/pre&gt;

&lt;p&gt;å†æ¬¡æŸ¥è¯¢è¡¨ç»“æ„&lt;/p&gt;

&lt;pre&gt;&lt;code class=&#34;language-mysql&#34;&gt;mysql&amp;gt; desc apple;
+-------+-------------+------+-----+---------+----------------+
| Field | Type        | Null | Key | Default | Extra          |
+-------+-------------+------+-----+---------+----------------+
| id    | int(11)     | NO   | PRI | NULL    | auto_increment |
| name  | varchar(20) | NO   |     |         |                |
| age   | tinyint(4)  | NO   |     | 0       |                |
+-------+-------------+------+-----+---------+----------------+
3 rows in set (0.05 sec)
&lt;/code&gt;&lt;/pre&gt;

&lt;p&gt;æŸ¥è¯¢ç»“æœï¼š&lt;/p&gt;

&lt;pre&gt;&lt;code class=&#34;language-mysql&#34;&gt;mysql&amp;gt; select * from apple;
+----+-----------+-----+
| id | name      | age |
+----+-----------+-----+
|  1 | tab       |   0 |
|  2 | ctrl      |   0 |
|  3 | shift     |   0 |
|  4 | caps1     |   0 |
|  6 | tomato    |   0 |
|  7 | backspace |   0 |
+----+-----------+-----+
6 rows in set (0.00 sec)
&lt;/code&gt;&lt;/pre&gt;

&lt;p&gt;charä¸varcharçš„æ¯”è¾ƒ
åˆ†ä¸¤ä¸ªéƒ¨åˆ†è¿›è¡Œæ¯”è¾ƒ
1:åˆ›å»ºè¡¨æ—¶å€™
2:æ·»åŠ è¡¨æ•°æ®çš„æ—¶å€™&lt;/p&gt;

&lt;p&gt;æŸ¥çœ‹helpå¸®åŠ©ä¿¡æ¯&lt;/p&gt;

&lt;pre&gt;&lt;code class=&#34;language-mysql&#34;&gt;mysql&amp;gt; help char
Name: &#39;CHAR&#39;
Description:
[NATIONAL] CHAR[(M)] [CHARACTER SET charset_name] [COLLATE
collation_name]

A fixed-length string that is always right-padded with spaces to the
specified length when stored. M represents the column length in
characters. The range of M is 0 to 255. If M is omitted, the length is
1.

*Note*: Trailing spaces are removed when CHAR values are retrieved
unless the PAD_CHAR_TO_FULL_LENGTH SQL mode is enabled.
&lt;/code&gt;&lt;/pre&gt;

&lt;p&gt;sql_modeçš„pad_char_to_full_length,è¿™æ˜¯ä¸€ä¸ªç‰¹åˆ«çš„æ¨¡å¼ï¼Œå°†ä¼šåœ¨ä¸‹æ–‡åˆ—å‡ºï¼Œè‡³äºM is from 0 to 255æ˜¯æŒ‡char(256)ä¼šæŠ¥é”™ï¼&lt;/p&gt;

&lt;p&gt;å†æ¬¡æŸ¥çœ‹varcharçš„å¸®åŠ©ä¿¡æ¯&lt;/p&gt;

&lt;pre&gt;&lt;code class=&#34;language-mysql&#34;&gt;mysql&amp;gt; help varchar
Name: &#39;VARCHAR&#39;
Description:
[NATIONAL] VARCHAR(M) [CHARACTER SET charset_name] [COLLATE
collation_name]

A variable-length string. M represents the maximum column length in
characters. The range of M is 0 to 65,535. The effective maximum length
of a VARCHAR is subject to the maximum row size (65,535 bytes, which is
shared among all columns) and the character set used. For example, utf8
characters can require up to three bytes per character, so a VARCHAR
column that uses the utf8 character set can be declared to be a maximum
of 21,844 characters. See
&lt;/code&gt;&lt;/pre&gt;

&lt;p&gt;å¯ä»¥çœ‹åˆ°æœ€å¤§é•¿åº¦ä¸º 65535ï¼Œ
å¹¶ä¸”åœ¨utf8å­—ç¬¦çš„æ—¶å€™ï¼ˆä¹Ÿå°±æ˜¯national varchar)çš„æƒ…å†µä¸‹ï¼Œæœ€å¤§é˜´è™š21844, ä¹Ÿå°±æ˜¯national varchar(21845)ä¼šæŠ¥é”™
21844*3 =65532ï¼ˆè®¡ç®—å™¨ï¼‰ï¼ˆå¯èƒ½è¿˜å‰©ä¸‹3ä¸ªå­—ç¬¦ï¼Œæ‘†æ”¾éœ€è¦çš„è®¾ç½®ç¬¦ï¼‰
è¯´æ˜å½“å‰æˆ‘çš„ç‰ˆæœ¬çš„mysql 5.6çš„utfæ‰€å ç”¨çš„æ˜¯ä¸‰ä¸ªå­—èŠ‚ï¼Œæ®è¯´æ–°ç‰ˆæœ¬çš„æ˜¯4ä¸ªå­—èŠ‚çš„&lt;/p&gt;

&lt;p&gt;æ–°å»ºä¸€ä¸ªæµ‹è¯•çš„orangeè¡¨&lt;/p&gt;

&lt;pre&gt;&lt;code class=&#34;language-mysql&#34;&gt;mysql&amp;gt; create table orange(
    -&amp;gt; col1 char(6) not null default &#39;&#39;,
    -&amp;gt; col2 varchar(65510));
Query OK, 0 rows affected, 1 warning (0.55 sec)
&lt;/code&gt;&lt;/pre&gt;

&lt;p&gt;&amp;mdash;ä¹ æƒ¯çš„æŸ¥è¯¢ä¸€ä¸‹è¡¨çš„æ ·å¼&lt;/p&gt;

&lt;p&gt;æ–°å¢ä¸€ä¸ªvarchar(100)å­—æ®µåšæµ‹è¯•&lt;/p&gt;

&lt;pre&gt;&lt;code class=&#34;language-mysql&#34;&gt;mysql&amp;gt;  alter table orange add col3 varchar(100);
ERROR 1118 (42000): Row size too large. The maximum row size for the used tabl
type, not counting BLOBs, is 65535. This includes storage overhead, check the
nual. You have to change some columns to TEXT or BLOBs
mysql&amp;gt; alter table orange add col3 varchar(100);
&lt;/code&gt;&lt;/pre&gt;

&lt;p&gt;ä¸ºä»€ä¹ˆï¼Ÿå†æ·»åŠ varchar(100ï¼‰åˆ™ä¼šä¸€ç›´æŠ¥é”™.Maximum(varchar)=65535 ç°åœ¨ä½¿ç”¨äº†65510 ï¼Œå†åŠ ä¸Š25å‘¢ï¼Ÿå¦‚æœæ”¹ä¸ºvarcahr&lt;/p&gt;

&lt;pre&gt;&lt;code class=&#34;language-mysql&#34;&gt;mysql&amp;gt; alter table orange add col3 varchar(100);
Query OK, 0 rows affected (0.85 sec)
Records: 0  Duplicates: 0  Warnings: 0
&lt;/code&gt;&lt;/pre&gt;

&lt;pre&gt;&lt;code class=&#34;language-mysql&#34;&gt;mysql&amp;gt; alter table orange add col3 varchar(22);
ERROR 1118 (42000): Row size too large. The maximum row size for the us
type, not counting BLOBs, is 65535. This includes storage overhead, che
nual. You have to change some columns to TEXT or BLOBs
mysql&amp;gt; alter table orange add col3 varchar(1);
Query OK, 0 rows affected (0.69 sec)
Records: 0  Duplicates: 0  Warnings: 0
&lt;/code&gt;&lt;/pre&gt;

&lt;p&gt;ä¸€ç›´æŠ¥é”™ï¼ï¼&lt;/p&gt;

&lt;p&gt;å†æ¬¡æ˜¾ç¤ºè¡¨ç»“æ„&lt;/p&gt;

&lt;pre&gt;&lt;code class=&#34;language-mysql&#34;&gt;mysql&amp;gt; desc orange;
+-------+----------------+------+-----+---------+-------+
| Field | Type           | Null | Key | Default | Extra |
+-------+----------------+------+-----+---------+-------+
| col1  | char(6)        | NO   |     |         |       |
| col2  | varchar(65510) | YES  |     | NULL    |       |
| col3  | varchar(1)     | YES  |     | NULL    |       |
+-------+----------------+------+-----+---------+-------+
3 rows in set (0.00 sec)
&lt;/code&gt;&lt;/pre&gt;

&lt;p&gt;ä¸ºä»€ä¹ˆå‘¢ï¼Ÿ&lt;/p&gt;

&lt;pre&gt;&lt;code class=&#34;language-mysql&#34;&gt;mysql&amp;gt; show variables like &#39;%sql_mode%&#39;;
+---------------+-------------------+
| Variable_name | Value             |
+---------------+-------------------+
| sql_mode      | STRICT_ALL_TABLES |
+---------------+-------------------+
1 row in set (0.00 sec)
&lt;/code&gt;&lt;/pre&gt;

&lt;p&gt;å½“å‰çš„sqlæ¨¡å¼æ˜¯ä¸¥æ ¼è¡¨æ¨¡å¼ï¼Œsql_modeå˜é‡ç‰¹åˆ«é‡è¦ï¼Œæ‰€ä»¥æˆ‘è¿›è¡Œäº†æµ‹è¯•ï¼å‡è®¾æˆ‘ä»¬ç°åœ¨æ”¹å›å»é»˜è®¤çš„ç©ºæ¨¡å¼ï¼›&lt;/p&gt;

&lt;pre&gt;&lt;code class=&#34;language-mysql&#34;&gt;mysql&amp;gt; set sql_mode=&#39;&#39;;
Query OK, 0 rows affected (0.00 sec)
å¤åˆ¶ä»£ç 
é‡æ–°åˆ›å»ºä¸€å¼ é¦™è•‰è¡¨banana:
mysql&amp;gt; create table banana(
    -&amp;gt; col1 char(6),
    -&amp;gt; col2 varchar(65510));
Query OK, 0 rows affected (0.32 sec)
&lt;/code&gt;&lt;/pre&gt;

&lt;p&gt;æ˜¾ç¤ºè¡¨ç»“æ„ä¿¡æ¯ï¼š&lt;/p&gt;

&lt;pre&gt;&lt;code class=&#34;language-mysql&#34;&gt;mysql&amp;gt; desc banana;
+-------+----------------+------+-----+---------+-------+
| Field | Type           | Null | Key | Default | Extra |
+-------+----------------+------+-----+---------+-------+
| col1  | char(6)        | YES  |     | NULL    |       |
| col2  | varchar(65510) | YES  |     | NULL    |       |
+-------+----------------+------+-----+---------+-------+
2 rows in set (0.01 sec)
&lt;/code&gt;&lt;/pre&gt;

&lt;p&gt;å‘ç°è¿˜æ˜¯ä¼šæŠ¥é”™çš„ï¼š&lt;/p&gt;

&lt;pre&gt;&lt;code class=&#34;language-mysql&#34;&gt;mysql&amp;gt; alter table banana add col3 varchar(100);
ERROR 1118 (42000): Row size too large. The maximum row size for the used tabl
type, not counting BLOBs, is 65535. This includes storage overhead, check the
nual. You have to change some columns to TEXT or BLOBs
&lt;/code&gt;&lt;/pre&gt;

&lt;p&gt;&amp;mdash;ç»ˆäºç»™æˆ‘æŠ¥é”™äº†&lt;/p&gt;

&lt;pre&gt;&lt;code class=&#34;language-mysql&#34;&gt;mysql&amp;gt; alter table orange add col5 char(258);
ERROR 1074 (42000): Column length too big for column &#39;col5&#39; (max = 255); use BLO
B or TEXT instead

mysql&amp;gt; alter table orange add col6 char(65537);
ERROR 1074 (42000): Column length too big for column &#39;col6&#39; (max = 255); use BLO
B or TEXT instead
&lt;/code&gt;&lt;/pre&gt;

&lt;p&gt;æ€»ç»“varcharæœ€å¤§é‡ä¸èƒ½è¶…è¿‡65530.ã€‚ã€‚charä¸èƒ½è¶…è¿‡256.ã€‚ã€‚
ä¸Šé¢æ˜¯ä¸€äº›åˆ›å»ºcharå’Œvarcharè¡¨çš„æ—¶å€™å¯èƒ½ä¼šå‡ºç°çš„ä¸€äº›æƒ…å†µã€‚
æ¥ä¸‹æ¥æµ‹è¯•æ·»åŠ æ•°æ®ï¼š&lt;/p&gt;

&lt;pre&gt;&lt;code class=&#34;language-mysql&#34;&gt;mysql&amp;gt; alter table banana modify col2 varchar(6);
Query OK, 0 rows affected (0.81 sec)
Records: 0  Duplicates: 0  Warnings: 0

mysql&amp;gt; desc banana;
+-------+------------+------+-----+---------+-------+
| Field | Type       | Null | Key | Default | Extra |
+-------+------------+------+-----+---------+-------+
| col1  | char(6)    | YES  |     | NULL    |       |
| col2  | varchar(6) | YES  |     | NULL    |       |
+-------+------------+------+-----+---------+-------+
2 rows in set (0.02 sec)
&lt;/code&gt;&lt;/pre&gt;

&lt;p&gt;ä¸æ˜¯ç‰¹åˆ«èƒ½å¤Ÿæ˜¾ç¤ºå…¶ä¸­çš„åŒºåˆ«ï¼š&lt;/p&gt;

&lt;pre&gt;&lt;code class=&#34;language-mysql&#34;&gt;mysql&amp;gt; insert into banana values(&#39;abc&#39;,&#39;abc&#39;);
Query OK, 1 row affected (0.04 sec)

mysql&amp;gt; select * from banana;
+--------+------+
| col1   | col2 |
+--------+------+
| abc    | abc  |
+--------+------+
1 row in set (0.00 sec)
&lt;/code&gt;&lt;/pre&gt;

&lt;p&gt;å¦‚æœåŠ å…¥&lt;/p&gt;

&lt;pre&gt;&lt;code class=&#34;language-mysql&#34;&gt;mysql&amp;gt; select concat(col1,&#39;-&#39;),concat(col2,&#39;-&#39;) from banana;
+------------------+------------------+
| concat(col1,&#39;-&#39;) | concat(col2,&#39;-&#39;) |
+------------------+------------------+
| abc   -          | abc-             |
+------------------+------------------+
1 row in set (0.00 sec)
&lt;/code&gt;&lt;/pre&gt;

&lt;p&gt;å†æ¬¡æ¯”è¾ƒ&lt;/p&gt;

&lt;pre&gt;&lt;code class=&#34;language-mysql&#34;&gt;mysql&amp;gt; select length(col1),length(col2) from banana;
+--------------+--------------+
| length(col1) | length(col2) |
+--------------+--------------+
|            6 |            3 |
+--------------+--------------+
1 row in set (0.02 sec)
&lt;/code&gt;&lt;/pre&gt;

&lt;p&gt;å¯è§åœ¨sql_mode=pad_char_to_full_lengthçš„æƒ…å†µä¸‹ï¼Œcharå³ä½¿èµ‹çš„å€¼æ˜¯abcä¸‰ä¸ªå­—ç¬¦ï¼Œè¯¥ç±»å‹ä¹Ÿä¼šå¡«å……åˆ°6ä¸ªå­—ç¬¦
      è€Œvarcharåˆ™æ˜¯ä¸‰ä¸ªå­—ç¬¦å°±ä¸‰ä¸ªå­—ç¬¦
è€Œå¦‚æœsql_mode = &amp;ldquo; å‘¢ï¼Ÿ
         sql_mode =&amp;lsquo;strict_all_tables&amp;rsquo;å‘¢ï¼Ÿ&lt;/p&gt;

&lt;p&gt;å¦‚æœæ˜¯sql_mode= &amp;ldquo;&lt;/p&gt;

&lt;pre&gt;&lt;code class=&#34;language-mysql&#34;&gt;mysql&amp;gt; set sql_mode=&#39;&#39;;
Query OK, 0 rows affected (0.00 sec)

mysql&amp;gt; select concat(col1,&#39;-&#39;),concat(col2,&#39;-&#39;) from banana;
+------------------+------------------+
| concat(col1,&#39;-&#39;) | concat(col2,&#39;-&#39;) |
+------------------+------------------+
| abc-             | abc-             |
+------------------+------------------+
1 row in set (0.00 sec)

mysql&amp;gt; select length(col1),length(col2) from banana;
+--------------+--------------+
| length(col1) | length(col2) |
+--------------+--------------+
|            3 |            3 |
+--------------+--------------+
1 row in set (0.00 sec)
&lt;/code&gt;&lt;/pre&gt;

&lt;p&gt;å¦‚æœæ˜¯sql_mode=strict_all_tables?&lt;/p&gt;

&lt;pre&gt;&lt;code class=&#34;language-mysql&#34;&gt;mysql&amp;gt; set sql_mode=&#39;strict_all_tables&#39;;
Query OK, 0 rows affected (0.00 sec)

mysql&amp;gt; select concat(col1,&#39;-&#39;),concat(col2,&#39;-&#39;) from banana;
+------------------+------------------+
| concat(col1,&#39;-&#39;) | concat(col2,&#39;-&#39;) |
+------------------+------------------+
| abc-             | abc-             |
+------------------+------------------+
1 row in set (0.00 sec)

mysql&amp;gt; select length(col1),length(col2) from banana;
+--------------+--------------+
| length(col1) | length(col2) |
+--------------+--------------+
|            3 |            3 |
+--------------+--------------+
1 row in set (0.00 sec)
&lt;/code&gt;&lt;/pre&gt;

&lt;p&gt;å¥½äº†ï¼Œæˆ‘ä»¬å¯ä»¥å°ç»“
åœ¨pad_char_to_full_lengthçš„æƒ…å†µä¸‹ï¼Œcharä¼šè‡ªåŠ¨å¡«å……åˆ°å®šä¹‰çš„å­—ç¬¦ï¼Œè€Œvarcharä¸ä¼š
   åœ¨å…¶ä»–çš„sql_modeæ¨¡å¼ä¸‹ï¼Œcharå’Œvarcharæ„Ÿè§‰æ²¡æœ‰å¤ªå¤§çš„åŒºåˆ«
  varcharä¸€ä¸ªè¡¨çš„æœ€å¤§é•¿åº¦æ˜¯65535
  charåœ¨ä¸€ä¸ªè¡¨çš„æœ€å¤§é•¿åº¦æ˜¯255&lt;/p&gt;

&lt;p&gt;æ‰€åœ¨åœ¨å­˜å‚¨ç©ºé—´å…è®¸çš„æƒ…å†µä¸‹ï¼Œå°½é‡ä½¿ç”¨char
åœ¨éœ€è¦æ›´å¤§çš„æ–‡æœ¬å¯ä»¥ç”¨blodæˆ–è€…textã€‚&lt;/p&gt;

&lt;p&gt;å­—ç¬¦ä¸²ç±»å‹ï¼Œä¸€èˆ¬ä½¿ç”¨charè¾ƒå¤šã€‚
char
varchar
smallblod,mediumblod,longblod
smalltext,mediumtext,longtext&lt;/p&gt;

&lt;p&gt;æšä¸¾ç±»å­—æ®µçš„åˆ›å»ºæ˜¯ä¸ºäº†è®©ç”¨æˆ·åªèƒ½é€‰å–æŸä¸ªå€¼èŒƒå›´ã€‚
åˆ›å»ºä¸€ä¸ªæšä¸¾è¡¨è¿›è¡Œæµ‹è¯•&lt;/p&gt;

&lt;pre&gt;&lt;code class=&#34;language-mysql&#34;&gt;mysql&amp;gt; create table enum_t(
    -&amp;gt; col1 enum(&#39;F&#39;,&#39;M&#39;,&#39;UN&#39;));
Query OK, 0 rows affected (0.29 sec)
&lt;/code&gt;&lt;/pre&gt;

&lt;p&gt;æ’å…¥æ•°æ®ï¼š&lt;/p&gt;

&lt;pre&gt;&lt;code class=&#34;language-mysql&#34;&gt;mysql&amp;gt; insert into enum_t values(&#39;F&#39;);
Query OK, 1 row affected (0.10 sec)

mysql&amp;gt; insert into enum_t values(&#39;M&#39;);
Query OK, 1 row affected (0.06 sec)

mysql&amp;gt; insert into enum_t values(&#39;F,M&#39;);
Query OK, 1 row affected, 1 warning (0.10 sec)

mysql&amp;gt; insert into enum_t values(&#39;UN&#39;);
Query OK, 1 row affected (0.07 sec)

mysql&amp;gt; insert into enum_t values(&#39;F,M,UN&#39;);
Query OK, 1 row affected, 1 warning (0.04 sec)
&lt;/code&gt;&lt;/pre&gt;

&lt;p&gt;æ˜¾ç¤ºæ•°æ®ï¼š&lt;/p&gt;

&lt;pre&gt;&lt;code class=&#34;language-mysql&#34;&gt;mysql&amp;gt; select col1,col1+0 from enum_t;
+------+--------+
| col1 | col1+0 |
+------+--------+
| F    |      1 |
| M    |      2 |
|      |      0 |
| UN   |      3 |
|      |      0 |
+------+--------+
5 rows in set (0.00 sec)
&lt;/code&gt;&lt;/pre&gt;

&lt;p&gt;å‘ç°ç¬¬ä¸‰åˆ—å’Œç¬¬äº”åˆ—çš„col1çš„å­—æ®µå€¼ç¼ºå¤±ï¼Œæ˜¯å› ä¸ºæ²¡æœ‰åœ¨æšä¸¾ç±»ä¸­è¯¥å€¼ï¼ç„¶è€Œmysqlè¿˜æœ‰å¦å¤–ä¸€ç§ç±»å‹å«åšsetï¼Œå´æ˜¯å¯ä»¥å­˜åœ¨ä¸åŒçš„æƒ…å†µ&lt;/p&gt;

&lt;p&gt;&amp;mdash;&amp;mdash;å†æ¬¡è¿”å›åˆ°sql_modeæœ‰é—®é¢˜çš„é‚£éƒ¨åˆ†&lt;/p&gt;

&lt;pre&gt;&lt;code class=&#34;language-mysql&#34;&gt;mysql&amp;gt; desc enum_t;
+-------+--------------------+------+-----+---------+-------+
| Field | Type               | Null | Key | Default | Extra |
+-------+--------------------+------+-----+---------+-------+
| col1  | enum(&#39;F&#39;,&#39;M&#39;,&#39;UN&#39;) | YES  |     | NULL    |       |
+-------+--------------------+------+-----+---------+-------+
1 row in set (0.00 sec)

mysql&amp;gt; insert into enum_t values(&#39;a&#39;);
Query OK, 1 row affected, 1 warning (0.09 sec)
&lt;/code&gt;&lt;/pre&gt;

&lt;p&gt;&amp;mdash;æœ‰è­¦å‘Šä¸€èˆ¬æ˜¯å’Œsql_modeæœ‰å…³ï¼Œå¦‚æœæ˜¯strict_all_tablesä¸€èˆ¬æ˜¯error&lt;/p&gt;

&lt;p&gt;&amp;mdash;è®©æˆ‘ä»¬æ¥çœ‹ä¸€ä¸ªå’Œenumç‰¹åˆ«åƒçš„set&lt;/p&gt;

&lt;pre&gt;&lt;code class=&#34;language-mysql&#34;&gt;mysql&amp;gt; create table set_t(
    -&amp;gt; col1 set(&#39;F&#39;,&#39;M&#39;,&#39;UN&#39;));
Query OK, 0 rows affected (0.25 sec)
&lt;/code&gt;&lt;/pre&gt;

&lt;p&gt;æ’å…¥è¡¨æ•°æ®&lt;/p&gt;

&lt;pre&gt;&lt;code class=&#34;language-mysql&#34;&gt;mysql&amp;gt; insert into set_t values(&#39;F&#39;);
Query OK, 1 row affected (0.07 sec)

mysql&amp;gt; insert into set_t values(&#39;M&#39;);
Query OK, 1 row affected (0.08 sec)

mysql&amp;gt; insert into set_t values(&#39;F,M&#39;);
Query OK, 1 row affected (0.08 sec)

mysql&amp;gt; insert into set_t values(&#39;UN&#39;);
Query OK, 1 row affected (0.05 sec)

mysql&amp;gt; insert into set_t values(&#39;F,M,UN&#39;);
Query OK, 1 row affected (0.07 sec)
&lt;/code&gt;&lt;/pre&gt;

&lt;p&gt;æ˜¾ç¤ºè¡¨æ•°æ®ä¿¡æ¯ï¼š&lt;/p&gt;

&lt;pre&gt;&lt;code class=&#34;language-mysql&#34;&gt;mysql&amp;gt; select col1,col1+0 from set_t;
+--------+--------+
| col1   | col1+0 |
+--------+--------+
| F      |      1 |
| M      |      2 |
| F,M    |      3 |
| UN     |      4 |
| F,M,UN |      7 |
+--------+--------+
5 rows in set (0.00 sec)
&lt;/code&gt;&lt;/pre&gt;

&lt;p&gt;å¯ä»¥å‘ç°F,Mè™½ç„¶æ²¡æœ‰å®šä¹‰ï¼Œä½†æ˜¯ä¹Ÿæ˜¯å¯ä»¥ä½¿ç”¨ï¼ï¼ï¼åªè¦ä¸é‡å¤éƒ½å¯ä»¥åœ¨setä¸­å‡ºç°ï¼Œå¹¶éµå¾ªä¸‹é¢çš„è®¡ç®—æ–¹å¼ï¼š
å› ä¸ºåœ¨setæ¨¡å¼ä¸‹ï¼Œé»˜è®¤å­˜å‚¨å®¤
F  1
M  10
UN 100
æ‰€ä»¥F,M  11
    F,M,UN 111&lt;/p&gt;

&lt;p&gt;å¼•å…¥äº†äºŒè¿›åˆ¶ï¼Œäºæ˜¯å­¦ä¹ äº†mysqlç‰¹æ®Šçš„ä¸€ç§äºŒè¿›åˆ¶ç±»å‹binary,å’Œbitç±»å‹ï¼ˆbit(4) å°±è¡¨ç¤ºæœ€å¤§å€¼ä¸º1111 ä¹Ÿå°±æ˜¯15ï¼‰&lt;/p&gt;

&lt;pre&gt;&lt;code class=&#34;language-mysql&#34;&gt;mysql&amp;gt; help binary
Name: &#39;BINARY&#39;
Description:
BINARY(M)

The BINARY type is similar to the CHAR type, but stores binary byte
strings rather than nonbinary character strings. M represents the
column length in bytes.
&lt;/code&gt;&lt;/pre&gt;

&lt;p&gt;å¯ä»¥çœ‹åˆ°binaryç±»ä¼¼äºcharåªä¸è¿‡æ˜¯å­˜å‚¨äºŒè¿›åˆ¶å½¢å¼&lt;/p&gt;

&lt;pre&gt;&lt;code class=&#34;language-mysql&#34;&gt;mysql&amp;gt; create table binary_t(
    -&amp;gt; col1 binary(4));
Query OK, 0 rows affected (0.33 sec)
&lt;/code&gt;&lt;/pre&gt;

&lt;p&gt;æ’å…¥æ•°æ®ï¼šè¶…è¿‡5ä¸ªå­—èŠ‚å°±é”™è¯¯äº†&lt;/p&gt;

&lt;pre&gt;&lt;code class=&#34;language-mysql&#34;&gt;mysql&amp;gt; desc binary_t;
+-------+-----------+------+-----+---------+-------+
| Field | Type      | Null | Key | Default | Extra |
+-------+-----------+------+-----+---------+-------+
| col1  | binary(4) | YES  |     | NULL    |       |
+-------+-----------+------+-----+---------+-------+
1 row in set (0.05 sec)

mysql&amp;gt; insert into binary_t values(&#39;a&#39;);
Query OK, 1 row affected (0.07 sec)

mysql&amp;gt; insert into binary_t values(&#39;abcd&#39;);
Query OK, 1 row affected (0.07 sec)

mysql&amp;gt; insert into binary_t values(&#39;abcde&#39;);
ERROR 1406 (22001): Data too long for column &#39;col1&#39; at row 1
&lt;/code&gt;&lt;/pre&gt;

&lt;p&gt;ä¸Šè¿°çš„è¿‡ç¨‹ç±»ä¼¼äºcharï¼Œä½†æ˜¯binaryå’Œcharåˆ°åº•ä½“ç°åœ¨å“ªé‡Œçš„åŒºåˆ«ï¼Ÿ&lt;/p&gt;

&lt;pre&gt;&lt;code class=&#34;language-mysql&#34;&gt;mysql&amp;gt; select * from binary_t;
+------+
| col1 |
+------+
| a    |
| abcd |
+------+
2 rows in set (0.00 sec)

mysql&amp;gt; select col1=&#39;a&#39; from binary_t;
+----------+
| col1=&#39;a&#39; |
+----------+
|        0 |
|        0 |
+----------+
2 rows in set (0.00 sec)
&lt;/code&gt;&lt;/pre&gt;

&lt;p&gt;ä¸ºä»€ä¹ˆæ˜æ˜æœ‰aå´æ˜¯æ— æ³•æ‰¾åˆ°ï¼Ÿæ˜¯ä¸æ˜¯è·Ÿsql_modeæœ‰å…³ç³»ï¼Ÿ&lt;/p&gt;

&lt;pre&gt;&lt;code class=&#34;language-mysql&#34;&gt;mysql&amp;gt; show variables like &#39;%sql_mode%&#39;;
+---------------+-------------------+
| Variable_name | Value             |
+---------------+-------------------+
| sql_mode      | STRICT_ALL_TABLES |
+---------------+-------------------+
1 row in set (0.00 sec)
&lt;/code&gt;&lt;/pre&gt;

&lt;p&gt;é‡æ–°è®¾ç½®ä¸ºç©ºçŠ¶æ€ï¼ˆé»˜è®¤ä¸€èˆ¬æ˜¯ç©ºçš„çŠ¶æ€ï¼‰ï¼Œå†æ¬¡å°è¯•ï¼š&lt;/p&gt;

&lt;pre&gt;&lt;code class=&#34;language-mysql&#34;&gt;mysql&amp;gt; select * from binary_t;
+------+
| col1 |
+------+
| a    |
| abcd |
+------+
2 rows in set (0.00 sec)

mysql&amp;gt; select col1=&#39;a&#39; from binary_t;
+----------+
| col1=&#39;a&#39; |
+----------+
|        0 |
|        0 |
+----------+
2 rows in set (0.00 sec)
&lt;/code&gt;&lt;/pre&gt;

&lt;p&gt;å¯ä»¥çœ‹åˆ°ä¾ç„¶ä¸è¡Œï¼Œè¿™å°±æ˜¯äºŒè¿›åˆ¶çš„ä¸€äº›å°åŒºåˆ«ï¼Œä¸æ˜¯ç±»ä¼¼äºcharåœ¨pad_char_to_full_length(ä¸“é—¨é’ˆå¯¹char)
è¿™æ—¶å€™éœ€è¦ç”¨ä¸“é—¨çš„æµ‹è¯•æ–¹æ³•&lt;/p&gt;

&lt;pre&gt;&lt;code class=&#34;language-mysql&#34;&gt;mysql&amp;gt; select col1=&#39;a\0\0\0&#39; from binary_t;
+----------------+
| col1=&#39;a\0\0\0&#39; |
+----------------+
|              1 |
|              0 |
+----------------+
2 rows in set (0.00 sec)
&lt;/code&gt;&lt;/pre&gt;

&lt;p&gt;å¯ä»¥äº†ï¼ï¼å› ä¸ºbinaryæ˜¯ä¸ºé»˜è®¤åŠ ä¸Š\0\0\0 ï¼Œè€Œcharåœ¨sql=&amp;lsquo;pad_char_to_full_length&amp;rsquo;ä¼šé»˜è®¤åŠ ä¸Šç©ºæ ¼ã€‚è¿™å°±æ˜¯ä¸€ä¸ªåŒºåˆ«ï¼Œæ…ç”¨ï¼Œä¸€èˆ¬ç”¨charå³å¯ï¼Œ
ä¹Ÿè®¸binaryå¯èƒ½æ˜¯å­˜å‚¨å°‘å ç©ºé—´ã€‚&lt;/p&gt;

&lt;p&gt;ä¸€ä¸ªç‰¹åˆ«çš„æ•°æ®ç±»å‹Bitçš„ç”¨æ³•ï¼ˆä»–æ˜¯ä¸€ä¸ªè·Ÿè®¡ç®—æœºçš„æœ€å°å•å…ƒbitä½æœ‰å…³ç³»çš„ï¼‰
æ‰‹åˆç—’äº†ï¼Œå¿…é¡»å†æ¥ä¸ªbit_tä¸å¯&lt;/p&gt;

&lt;pre&gt;&lt;code class=&#34;language-mysql&#34;&gt;mysql&amp;gt; create table bit_t(
    -&amp;gt; ids bit(4));
Query OK, 0 rows affected (0.20 sec)
&lt;/code&gt;&lt;/pre&gt;

&lt;p&gt;&amp;ndash;bit(4) yä¹Ÿå°±æ˜¯è¯´  1111  æœ€å¤šæ˜¯ï¼Œç±»ä¼¼åœ°int(4)  char(4) varchar(4)  binary(4)  ç­‰æœ‰ç€å…¶ç‰¹æ®Šçš„å«ä¹‰&lt;br /&gt;
&amp;mdash;ç”¨ä¸¥æ ¼æ¨¡å¼æµ‹è¯•ä¸€ä¸‹&lt;/p&gt;

&lt;pre&gt;&lt;code class=&#34;language-mysql&#34;&gt;mysql&amp;gt; help int
Name: &#39;INT&#39;
Description:
INT[(M)] [UNSIGNED] [ZEROFILL]

mysql&amp;gt; insert into bit_t values(1);
Query OK, 1 row affected (0.11 sec)
&lt;/code&gt;&lt;/pre&gt;

&lt;p&gt;æ˜¾ç¤ºæ•°æ®ï¼š&lt;/p&gt;

&lt;pre&gt;&lt;code class=&#34;language-mysql&#34;&gt;mysql&amp;gt; select ids,ids+0,bin(ids) from bit_t;
+------+-------+----------+
| ids  | ids+0 | bin(ids) |
+------+-------+----------+
|     |     1 | 1        |
+------+-------+----------+
1 row in set (0.05 sec)
&lt;/code&gt;&lt;/pre&gt;

&lt;p&gt;æ˜¾ç¤ºäºŒè¿›åˆ¶ä¿¡æ¯ä¸€èˆ¬æ˜¯ä½¿ç”¨+0è¿›è¡Œæ•°æ®éšå¼è½¬æ¢ï¼Œæˆ–è€…ç”¨binå‡½æ•°ï¼›&lt;/p&gt;

&lt;p&gt;&amp;ndash;å†æŸ¥ä¸€ä¸‹è¡¨ç»“æ„&lt;/p&gt;

&lt;pre&gt;&lt;code class=&#34;language-mysql&#34;&gt;mysql&amp;gt; desc bit_t;
+-------+--------+------+-----+---------+-------+
| Field | Type   | Null | Key | Default | Extra |
+-------+--------+------+-----+---------+-------+
| ids   | bit(4) | YES  |     | NULL    |       |
+-------+--------+------+-----+---------+-------+
1 row in set (0.00 sec)
&lt;/code&gt;&lt;/pre&gt;

&lt;p&gt;å†æ¬¡æ’å…¥è¡¨æ•°æ®ï¼š&lt;/p&gt;

&lt;pre&gt;&lt;code class=&#34;language-mysql&#34;&gt;mysql&amp;gt; insert into bit_t values(1);
Query OK, 1 row affected (0.09 sec)

mysql&amp;gt; insert into bit_t values(0);
Query OK, 1 row affected (0.09 sec)

mysql&amp;gt; insert into bit_t values(3);
Query OK, 1 row affected (0.05 sec)
&lt;/code&gt;&lt;/pre&gt;

&lt;p&gt;æ˜¾ç¤ºæ–°çš„è¡¨çš„ä¿¡æ¯&lt;/p&gt;

&lt;pre&gt;&lt;code class=&#34;language-mysql&#34;&gt;mysql&amp;gt; select ids,ids+0,bin(ids) from bit_t;
+------+-------+----------+
| ids  | ids+0 | bin(ids) |
+------+-------+----------+
|     |     1 | 1        |
|     |     1 | 1        |
|      |     0 | 0        |
|     |     3 | 11       |
+------+-------+----------+
4 rows in set (0.00 sec)
&lt;/code&gt;&lt;/pre&gt;

&lt;p&gt;å½“æ’å…¥æ•°æ®è¿‡å¤§åˆ™æŠ¥é”™ï¼š&lt;/p&gt;

&lt;pre&gt;&lt;code class=&#34;language-mysql&#34;&gt;mysql&amp;gt; insert into bit_t values(16);
ERROR 1406 (22001): Data too long for column &#39;ids&#39; at row 1

mysql&amp;gt; insert into bit_t values(15);
Query OK, 1 row affected (0.11 sec)
mysql&amp;gt; select ids,ids+0,bin(ids) from bit_t;
+------+-------+----------+
| ids  | ids+0 | bin(ids) |
+------+-------+----------+
|     |     1 | 1        |
|     |     1 | 1        |
|      |     0 | 0        |
|     |     3 | 11       |
|     |    15 | 1111     |
+------+-------+----------+
5 rows in set (0.00 sec)
&lt;/code&gt;&lt;/pre&gt;

&lt;p&gt;æœ€å¤§çš„çš„ç¡®æ˜¯4ä¸ª1111 æ»¡è¶³äº†æˆ‘ä»¬çš„æ„¿æœ›ã€‚&lt;/p&gt;

&lt;pre&gt;&lt;code class=&#34;language-mysql&#34;&gt;mysql&amp;gt; select ids,ids+0,length(bin(ids)) from bit_t;
+------+-------+------------------+
| ids  | ids+0 | length(bin(ids)) |
+------+-------+------------------+
|     |     1 |                1 |
|     |     1 |                1 |
|      |     0 |                1 |
|     |     3 |                2 |
|     |    15 |                4 |
+------+-------+------------------+
5 rows in set (0.06 sec)


mysql&amp;gt; select ids,ids+0,length(ids+0),bin(ids),length(bin(ids)) from bit_t;
+------+-------+---------------+----------+------------------+
| ids  | ids+0 | length(ids+0) | bin(ids) | length(bin(ids)) |
+------+-------+---------------+----------+------------------+
|     |     1 |             1 | 1        |                1 |
|     |     1 |             1 | 1        |                1 |
|      |     0 |             1 | 0        |                1 |
|     |     3 |             1 | 11       |                2 |
|     |    15 |             2 | 1111     |                4 |
+------+-------+---------------+----------+------------------+
5 rows in set (0.00 sec)
&lt;/code&gt;&lt;/pre&gt;

&lt;p&gt;&amp;mdash;&amp;ndash;ä¸ä¸€æ ·çš„æ’å…¥é¢&lt;/p&gt;

&lt;pre&gt;&lt;code class=&#34;language-mysql&#34;&gt;mysql&amp;gt; insert into bit_t values (4),(5),(6);
Query OK, 3 rows affected (0.03 sec)
Records: 3  Duplicates: 0  Warnings: 0

----insert into bit_t  set ids =4
mysql&amp;gt; insert into bit_t set ids=7;
Query OK, 1 row affected (0.05 sec)
&lt;/code&gt;&lt;/pre&gt;

&lt;p&gt;å†æ¬¡æ˜¾ç¤ºæ–°çš„æ•°æ®&lt;/p&gt;

&lt;pre&gt;&lt;code class=&#34;language-mysql&#34;&gt;mysql&amp;gt; select ids,ids+0,length(ids+0),bin(ids),length(bin(ids)) from bit_t;
+------+-------+---------------+----------+------------------+
| ids  | ids+0 | length(ids+0) | bin(ids) | length(bin(ids)) |
+------+-------+---------------+----------+------------------+
|     |     1 |             1 | 1        |                1 |
|     |     1 |             1 | 1        |                1 |
|      |     0 |             1 | 0        |                1 |
|     |     3 |             1 | 11       |                2 |
|     |    15 |             2 | 1111     |                4 |
|     |     4 |             1 | 100      |                3 |
|     |     5 |             1 | 101      |                3 |
|     |     6 |             1 | 110      |                3 |
|     |     7 |             1 | 111      |                3 |
+------+-------+---------------+----------+------------------+
9 rows in set (0.00 sec)
&lt;/code&gt;&lt;/pre&gt;

&lt;p&gt;&amp;mdash;&amp;ndash;é€šè¿‡binå‡½æ•°è¿›è¡Œé€‰æ‹©&lt;/p&gt;

&lt;pre&gt;&lt;code class=&#34;language-mysql&#34;&gt;mysql&amp;gt; select bin(ids) from bit_t where ids=7;
+----------+
| bin(ids) |
+----------+
| 111      |
+----------+
1 row in set (0.00 sec)

mysql&amp;gt; select bin(ids) from bit_t where bin(ids)=111;
+----------+
| bin(ids) |
+----------+
| 111      |
+----------+
1 row in set (0.00 sec)



mysql&amp;gt; delete from bit_t where bin(ids)=1;
Query OK, 2 rows affected (0.09 sec)
&lt;/code&gt;&lt;/pre&gt;

&lt;p&gt;æ˜¾ç¤ºæœ€æ–°çš„æ•°æ®ï¼š&lt;/p&gt;

&lt;pre&gt;&lt;code class=&#34;language-mysql&#34;&gt;mysql&amp;gt; select ids,ids+0,length(ids+0),bin(ids),length(bin(ids)) from bit_t;
+------+-------+---------------+----------+------------------+
| ids  | ids+0 | length(ids+0) | bin(ids) | length(bin(ids)) |
+------+-------+---------------+----------+------------------+
|      |     0 |             1 | 0        |                1 |
|     |     3 |             1 | 11       |                2 |
|     |    15 |             2 | 1111     |                4 |
|     |     4 |             1 | 100      |                3 |
|     |     5 |             1 | 101      |                3 |
|     |     6 |             1 | 110      |                3 |
|     |     7 |             1 | 111      |                3 |
+------+-------+---------------+----------+------------------+
7 rows in set (0.00 sec)
&lt;/code&gt;&lt;/pre&gt;

&lt;p&gt;æ‰€ä»¥  ä¸€å¥è¯ï¼šbitè¦æ³¨æ„ä½æ•°å’Œ binå‡½æ•°çš„ä½¿ç”¨ï¼&lt;/p&gt;

&lt;p&gt;åœ¨å¾ˆå¤šæƒ…å†µä¸‹ï¼Œæˆ‘ä»¬å¯èƒ½æ¥è§¦æ—¶é—´è¿™ä¸€æ•°æ®ç±»å‹äºæ˜¯è€ƒå¯Ÿäº†æŸ¥è¯¢äº†year,time,datetime,timestampç­‰ä¿¡æ¯ï¼Œæ˜¾ç¤ºå…¶å€¼çš„èŒƒå›´&lt;/p&gt;

&lt;pre&gt;&lt;code class=&#34;language-mysql&#34;&gt;mysql&amp;gt; help year;
Name: &#39;YEAR&#39;
Description:
Syntax:
YEAR(date)

Returns the year for date, in the range 1000 to 9999, or 0 for the
&amp;quot;zero&amp;quot; date.

mysql&amp;gt; help Timestamp
Name: &#39;TIMESTAMP&#39;
Description:
TIMESTAMP[(fsp)]

A timestamp. The range is &#39;1970-01-01 00:00:01.000000&#39; UTC to
&#39;2038-01-19 03:14:07.999999&#39; UTC. TIMESTAMP values are stored as the

mysql&amp;gt; help datetime
Name: &#39;DATETIME&#39;
Description:
DATETIME[(fsp)]

A date and time combination. The supported range is &#39;1000-01-01
00:00:00.000000&#39; to &#39;9999-12-31 23:59:59.999999&#39;. MySQL displays

mysql&amp;gt; help date
Name: &#39;DATE&#39;
Description:
DATE

A date. The supported range is &#39;1000-01-01&#39; to &#39;9999-12-31&#39;. MySQL

mysql&amp;gt; help time
Name: &#39;TIME&#39;
Description:
TIME[(fsp)]

A time. The range is &#39;-838:59:59.000000&#39; to &#39;838:59:59.000000&#39;. MySQL
&lt;/code&gt;&lt;/pre&gt;

&lt;p&gt;åˆ›å»ºä¸€å¼ è¡¨year_tè¿›è¡Œæµ‹è¯•ï¼š&lt;/p&gt;

&lt;pre&gt;&lt;code class=&#34;language-mysql&#34;&gt;mysql&amp;gt; create table year_t(
    -&amp;gt; col1 year(2),
    -&amp;gt; col2 year(4),
    -&amp;gt; col3 year(100));
Query OK, 0 rows affected, 2 warnings (0.27 sec)
&lt;/code&gt;&lt;/pre&gt;

&lt;p&gt;æ˜¾ç¤ºè¡¨ç»“æ„ä¿¡æ¯ï¼Œå‘ç°éƒ½æ˜¯year(4)çš„å¤§å°ç»“æ„&lt;/p&gt;

&lt;pre&gt;&lt;code class=&#34;language-mysql&#34;&gt;mysql&amp;gt; desc year_t;
+-------+---------+------+-----+---------+-------+
| Field | Type    | Null | Key | Default | Extra |
+-------+---------+------+-----+---------+-------+
| col1  | year(4) | YES  |     | NULL    |       |
| col2  | year(4) | YES  |     | NULL    |       |
| col3  | year(4) | YES  |     | NULL    |       |
+-------+---------+------+-----+---------+-------+
3 rows in set (0.06 sec)
&lt;/code&gt;&lt;/pre&gt;

&lt;p&gt;æ’å…¥è¡¨ä¿¡æ¯ï¼š&lt;/p&gt;

&lt;pre&gt;&lt;code class=&#34;language-mysql&#34;&gt;mysql&amp;gt; insert into year_t values(77,2000,2055);
Query OK, 1 row affected (0.06 sec)
&lt;/code&gt;&lt;/pre&gt;

&lt;p&gt;æ˜¾ç¤ºè¡¨æ•°æ®ï¼š&lt;/p&gt;

&lt;pre&gt;&lt;code class=&#34;language-mysql&#34;&gt;mysql&amp;gt; select * from year_t;
+------+------+------+
| col1 | col2 | col3 |
+------+------+------+
| 1977 | 2000 | 2055 |
+------+------+------+
1 row in set (0.00 sec)
&lt;/code&gt;&lt;/pre&gt;

&lt;p&gt;ä¸ºä»€ä¹ˆæ˜¯1977ï¼Ÿ è€Œä¸æ˜¯2077ï¼Ÿ
æŸ¥è¯¢åˆ°ä¸€ä¸ªç»“æœï¼š
year(4)  1901-2155
year(2) 1970-2069
year     1000-9999ï¼ˆè¿™ç§è§£é‡Šæœ‰ç‚¹ä¸å¯é ï¼‰&lt;/p&gt;

&lt;p&gt;ä¸ºä»€ä¹ˆå†è¿›è¡Œdesc year_t æ˜¾ç¤ºçš„å¤šæ˜¯year(4)æš‚æ—¶æœªæ¸…é™¤ã€‚æ®æ¨æµ‹ï¼Œæ˜¾ç¤ºæœ‰é—®é¢˜ï¼ŒåŸºæœ¬å’Œsql_modeç›¸å…³&lt;/p&gt;

&lt;pre&gt;&lt;code class=&#34;language-mysql&#34;&gt;mysql&amp;gt; show variables like &#39;%sql_mode%&#39;;
+---------------+------------------------+
| Variable_name | Value                  |
+---------------+------------------------+
| sql_mode      | NO_ENGINE_SUBSTITUTION |
+---------------+------------------------+
1 row in set (0.00 sec)
&lt;/code&gt;&lt;/pre&gt;

&lt;p&gt;&amp;mdash;&amp;ndash;æ€»ç»“sql_modeçš„8ç§é£æ ¼
SET sql_mode =&amp;ldquo;; &amp;mdash;default style
SET sql_mode=&amp;lsquo;PAD_CHAR_TO_FULL_LENGTH&amp;rsquo;;  &amp;ndash; ä¼šå¡«å……åˆ°ä¸€å®šçš„é•¿åº¦
SET sql_mode  = &amp;lsquo;STRICT_ALL_TABLES&amp;rsquo;;  &amp;ndash; ä¹Ÿå°±æ˜¯å½“è¶…è¿‡æœ€å¤§é•¿åº¦ ä¼šæŠ¥é”™è€Œä¸æ˜¯æˆªæ–­
SET sql_mode = &amp;lsquo;STRICT_ALL_TABLES,ERROR_FOR_DIVISION_BY_ZERO&amp;rsquo;;
SET sql_mode = &amp;lsquo;STRICT_ALL_TABLES, NO_ZERO_DATE,NO_ZERO_IN_DATE&amp;rsquo;;
SET sql_mode = &amp;lsquo;ALLOW_INVALID_DATES&amp;rsquo;; &amp;mdash; å…è®¸æ— æ•ˆçš„æ—¥æœŸ
SET sql_mode = &amp;lsquo;STRICT_ALL_TABLES,ALLOW_INVALID_DATES&amp;rsquo;;
SET sql_mode = â€˜real_as_floatâ€™;
ï¼ˆreal_as_float æ˜¯æŒ‡é»˜è®¤æƒ…å†µreal(10,2)è€Œä¸èƒ½ä½¿ç”¨real(10) å› ä¸ºreal(10,2)å…¶å®ç­‰æ•ˆäºdoubleï¼Œåªæœ‰è®¾ç½®real_as_floatä¹‹åæ‰å¯ä»¥ä½¿ç”¨real(10)ï¼‰&lt;/p&gt;

&lt;p&gt;æ”¹æˆä¸¥æ ¼æ¨¡å¼å†æ¬¡å°è¯•ï¼š&lt;/p&gt;

&lt;pre&gt;&lt;code class=&#34;language-mysql&#34;&gt;mysql&amp;gt; set sql_mode=&#39;strict_all_tables&#39;;
Query OK, 0 rows affected (0.06 sec)
&lt;/code&gt;&lt;/pre&gt;

&lt;p&gt;å†æ¬¡æ˜¾ç¤ºæ–°çš„æ¨¡å¼ä¸‹çš„è¡¨ç»“æ„ä¿¡æ¯ï¼š&lt;/p&gt;

&lt;pre&gt;&lt;code class=&#34;language-mysql&#34;&gt;mysql&amp;gt; desc year_t;
+-------+---------+------+-----+---------+-------+
| Field | Type    | Null | Key | Default | Extra |
+-------+---------+------+-----+---------+-------+
| col1  | year(4) | YES  |     | NULL    |       |
| col2  | year(4) | YES  |     | NULL    |       |
| col3  | year(4) | YES  |     | NULL    |       |
+-------+---------+------+-----+---------+-------+
3 rows in set (0.05 sec)
&lt;/code&gt;&lt;/pre&gt;

&lt;p&gt;è®¾ç½®äº†ä¸¥æ ¼æ¨¡å¼ï¼Œå‘ç°æ²¡æœ‰ä»»ä½•æ”¹å˜ã€‚&lt;/p&gt;

&lt;pre&gt;&lt;code class=&#34;language-mysql&#34;&gt;mysql&amp;gt; show create table year_t\G;
*************************** 1. row ***************************
       Table: year_t
Create Table: CREATE TABLE `year_t` (
  `col1` year(4) DEFAULT NULL,
  `col2` year(4) DEFAULT NULL,
  `col3` year(4) DEFAULT NULL
) ENGINE=InnoDB DEFAULT CHARSET=latin1
1 row in set (0.00 sec)
&lt;/code&gt;&lt;/pre&gt;

&lt;p&gt;å†æ¬¡æŸ¥çœ‹è¡¨ç»“æ„ï¼Œä¾ç„¶æ— æ³•è§£é‡Šï¼Œäºæ˜¯å°è¯•å®šä¹‰ä¸ºyear(4)çš„æ–¹å¼ï¼Œæ–°å»ºäº†å¦ä¸€å¼ è¡¨year_t1&lt;/p&gt;

&lt;pre&gt;&lt;code class=&#34;language-mysql&#34;&gt;mysql&amp;gt; create table year_t1(
    -&amp;gt; col1 year(4),
    -&amp;gt; col2 year(4),
    -&amp;gt; col3 year(4));
Query OK, 0 rows affected (0.33 sec)

mysql&amp;gt; desc year_t1;
+-------+---------+------+-----+---------+-------+
| Field | Type    | Null | Key | Default | Extra |
+-------+---------+------+-----+---------+-------+
| col1  | year(4) | YES  |     | NULL    |       |
| col2  | year(4) | YES  |     | NULL    |       |
| col3  | year(4) | YES  |     | NULL    |       |
+-------+---------+------+-----+---------+-------+
3 rows in set (0.04 sec)
&lt;/code&gt;&lt;/pre&gt;

&lt;p&gt;å†æ¬¡æ’å…¥è¡¨çš„æ•°æ®ï¼š&lt;/p&gt;

&lt;pre&gt;&lt;code class=&#34;language-mysql&#34;&gt;mysql&amp;gt; insert into year_t1 values(77,2000,2055);
Query OK, 1 row affected (0.05 sec)

mysql&amp;gt; select * from year_t1;
+------+------+------+
| col1 | col2 | col3 |
+------+------+------+
| 1977 | 2000 | 2055 |
+------+------+------+
1 row in set (0.00 sec)
&lt;/code&gt;&lt;/pre&gt;

&lt;p&gt;ä¾ç„¶æ˜¯1977 ï¼Œé‡åˆ°ä¸€ä¸ªæš‚æ—¶æ— æ³•è§£ç­”çš„é—®é¢˜ã€‚åˆ°åº•æœ‰æ²¡æœ‰year(2) year(4)çš„é—®é¢˜ï¼Ÿ æš‚æ—¶ç•™ç€ï¼&lt;/p&gt;

&lt;p&gt;ä¸‹é¢ä»‹ç»æ¯”è¾ƒå¸¸è§çš„timestampçš„ä½¿ç”¨æ–¹å¼ï¼š
&amp;mdash;-åˆ›å»ºä¸€å¼ è‹¹æœè¡¨ï¼›&lt;/p&gt;

&lt;pre&gt;&lt;code class=&#34;language-mysql&#34;&gt;mysql&amp;gt; create table apple(
    -&amp;gt; timeme timestamp default current_timestamp
    -&amp;gt; on update current_timestamp,
    -&amp;gt; id smallint);
&lt;/code&gt;&lt;/pre&gt;

&lt;p&gt;ä¹‹æ‰€ä»¥æ˜¯on update current_timestampæ˜¯æŒ‡å½“è¡¨ä¸­çš„æŸè¡Œæ•°æ®æ›´æ–°æ—¶å€™ï¼Œé¡ºä¾¿ä¼šæŠŠtimemeçš„æ•°æ®æ›´æ–°ä¸ºå½“å‰ç³»ç»Ÿçš„æœ€æ–°çš„çŠ¶æ€ï¼ˆä¹‹æ‰€ä»¥æ˜¯ç³»ç»Ÿæœ€æ–°çŠ¶æ€ï¼Œå¯ä»¥æŸ¥çœ‹ show variables like &amp;ldquo;%time_zone%&amp;ldquo;;å°†åœ¨ä¸‹æ–‡ç»™å‡ºï¼‰&lt;/p&gt;

&lt;p&gt;&amp;mdash;-æ˜¾ç¤ºè‹¹æœè¡¨çš„ä¿¡æ¯&lt;/p&gt;

&lt;pre&gt;&lt;code class=&#34;language-mysql&#34;&gt;mysql&amp;gt; desc apple;
+--------+-------------+------+-----+-------------------+-----------------------
------+
| Field  | Type        | Null | Key | Default           | Extra
      |
+--------+-------------+------+-----+-------------------+-----------------------
------+
| timeme | timestamp   | NO   |     | CURRENT_TIMESTAMP | on update CURRENT_TIME
STAMP |
| id     | smallint(6) | YES  |     | NULL              |
      |
+--------+-------------+------+-----+-------------------+-----------------------
------+
2 rows in set (0.01 sec)
&lt;/code&gt;&lt;/pre&gt;

&lt;p&gt;æ’å…¥æ•°æ®ä¿¡æ¯ï¼š&lt;/p&gt;

&lt;pre&gt;&lt;code class=&#34;language-mysql&#34;&gt;mysql&amp;gt; insert into apple values(now(),200);
Query OK, 1 row affected (0.25 sec)
&lt;/code&gt;&lt;/pre&gt;

&lt;p&gt;æ˜¾ç¤ºè¡¨æ•°æ®ï¼š&lt;/p&gt;

&lt;pre&gt;&lt;code class=&#34;language-mysql&#34;&gt;mysql&amp;gt; select * from apple;
+---------------------+------+
| timeme              | id   |
+---------------------+------+
| 2015-02-14 11:54:11 |  200 |
+---------------------+------+
1 row in set (0.00 sec)
&lt;/code&gt;&lt;/pre&gt;

&lt;p&gt;&amp;mdash;&amp;mdash;-æ˜¾ç¤ºç³»ç»Ÿå˜é‡&lt;/p&gt;

&lt;pre&gt;&lt;code class=&#34;language-mysql&#34;&gt;mysql&amp;gt; show variables like &amp;quot;%time_zone%&amp;quot;;
+------------------+--------+
| Variable_name    | Value  |
+------------------+--------+
| system_time_zone |        |
| time_zone        | SYSTEM |
+------------------+--------+
2 rows in set, 1 warning (0.00 sec)
&lt;/code&gt;&lt;/pre&gt;

&lt;p&gt;&amp;mdash;&amp;mdash;&amp;ndash;æ˜¾ç¤ºå­—ç¬¦é›†&lt;/p&gt;

&lt;pre&gt;&lt;code class=&#34;language-mysql&#34;&gt;mysql&amp;gt; show character set;
+----------+-----------------------------+---------------------+--------+
| Charset  | Description                 | Default collation   | Maxlen |
+----------+-----------------------------+---------------------+--------+
| big5     | Big5 Traditional Chinese    | big5_chinese_ci     |      2 |
| dec8     | DEC West European           | dec8_swedish_ci     |      1 |
| cp850    | DOS West European           | cp850_general_ci    |      1 |
| hp8      | HP West European            | hp8_english_ci      |      1 |
| koi8r    | KOI8-R Relcom Russian       | koi8r_general_ci    |      1 |
&lt;/code&gt;&lt;/pre&gt;

&lt;p&gt;å¦å¤–é™„å½•åœ¨åˆ›å»ºè¡¨çš„æ—¶å€™éœ€è¦è€ƒè™‘ä¸‹é¢çš„ä¿¡æ¯
&amp;mdash;&amp;mdash;åœ¨åˆ›å»ºè¡¨çš„æ—¶å€™å¿…é¡»ä¸»è¦çš„å­—æ®µ å±æ€§    å½±å“å­˜å‚¨æ€§èƒ½ï¼ˆæ¯”å¦‚Not NULL)å’Œè¿è¡Œæ•ˆæœ æ¯”å¦‚zerofill;
1: AUTO_INCREMENT    ç”¨äºä¸»é”® çš„è‡ªåŠ¨ç¼–å·
2: LAST_INSERT_ID()
3: UNSIGNED          æ— ç¬¦å·ï¼ˆä¸€æŠŠæ˜¯intæ•°æ®ï¼‰
4: ZEROFILL          å¡«å…… 0ï¼ˆä¸€æŠŠæ˜¯intæ•°æ®ï¼‰
5: NULL/NOT NULL     ä¸€èˆ¬ä½¿ç”¨éç©ºï¼Œå¢å¼ºmysqlçš„æ€§èƒ½ï¼ˆä¸€èˆ¬è®¾ç½®ä¸ºéç©ºå±æ€§ï¼‰
6: DEFAULT value     é»˜è®¤å€¼
7: CHARACTER SET     å­—ç¬¦é›†&lt;/p&gt;

&lt;p&gt;æ·»åŠ ä¸€ä¸ªnullè¡Œçš„æ•°æ®ï¼ˆnullä¸çŸ¥é“çš„å€¼ï¼Œç±»ä¼¼äºjavaçš„å¯¹è±¡ã€‚ï¼‰ ç”±äºon update current_timestampæ‰€ä»¥æ’å…¥å½“å‰ç³»ç»Ÿçš„æœ€æ–°æ—¶é—´&lt;/p&gt;

&lt;pre&gt;&lt;code class=&#34;language-mysql&#34;&gt;mysql&amp;gt; insert into apple values(null,100);
Query OK, 1 row affected (0.15 sec)

mysql&amp;gt; select * from apple;
+---------------------+------+
| timeme              | id   |
+---------------------+------+
| 2015-02-14 11:54:11 |  200 |
| 2015-02-14 13:06:37 |  100 |
+---------------------+------+
2 rows in set (0.00 sec)
&lt;/code&gt;&lt;/pre&gt;

&lt;p&gt;&amp;mdash;&amp;mdash;&amp;mdash;&amp;ndash;é»˜è®¤ä¸ºnullæ—¶å€™æ·»åŠ   now()çš„å€¼
å¦‚æœæ·»åŠ å…¥ä¸åˆé€‚çš„å€¼ï¼ˆå†sql_mode = &amp;ldquo; åˆ™æ˜¯è­¦å‘Šï¼Œå¦‚æœæ˜¯sql_mode=&amp;lsquo;strict_all_tables&amp;rsquo;åˆ™æ˜¯é”™è¯¯æç¤º errorsäº§ç”Ÿï¼‰&lt;/p&gt;

&lt;pre&gt;&lt;code class=&#34;language-mysql&#34;&gt;mysql&amp;gt; insert into apple value(&amp;quot;123&amp;quot;,100);
Query OK, 1 row affected, 1 warning (0.10 sec)


mysql&amp;gt; show warnings;
+---------+------+---------------------------------------------+
| Level   | Code | Message                                     |
+---------+------+---------------------------------------------+
| Warning | 1265 | Data truncated for column &#39;timeme&#39; at row 1 |
+---------+------+---------------------------------------------+
1 row in set (0.00 sec)
&lt;/code&gt;&lt;/pre&gt;

&lt;p&gt;&amp;mdash;&amp;ndash;å½“æ’å…¥çš„å€¼ä¸åˆé€‚æ—¶å€™  åˆ™ç”¨000æ›¿æ¢ï¼ï¼&lt;/p&gt;

&lt;pre&gt;&lt;code class=&#34;language-mysql&#34;&gt;mysql&amp;gt; select * from apple;
+---------------------+------+
| timeme              | id   |
+---------------------+------+
| 2015-02-14 11:54:11 |  200 |
| 2015-02-14 13:06:37 |  100 |
| 0000-00-00 00:00:00 |  100 |
+---------------------+------+
3 rows in set (0.00 sec)
&lt;/code&gt;&lt;/pre&gt;

&lt;p&gt;çœç•¥è¿‡ç¨‹å¾—åˆ°æ–°çš„è¡¨æ•°æ®å¦‚ä¸‹ï¼š&lt;/p&gt;

&lt;pre&gt;&lt;code class=&#34;language-mysql&#34;&gt;mysql&amp;gt; select * from apple;
+---------------------+------+
| timeme              | id   |
+---------------------+------+
| 2015-02-14 11:54:11 |  200 |
| 2015-02-14 13:06:37 |  100 |
| 0000-00-00 00:00:00 |  100 |
| 2015-02-14 13:09:20 |  400 |
| 0000-00-00 00:00:00 |  500 |
+---------------------+------+
5 rows in set (0.00 sec)
&lt;/code&gt;&lt;/pre&gt;

&lt;p&gt;&amp;mdash;-ç°åœ¨æˆ‘è¦æ›´æ–° id=500çš„å€¼&lt;/p&gt;

&lt;pre&gt;&lt;code class=&#34;language-mysql&#34;&gt;mysql&amp;gt; update apple set id=600 where id=500;
Query OK, 1 row affected (0.27 sec)
Rows matched: 1  Changed: 1  Warnings: 0
mysql&amp;gt; select * from apple;
+---------------------+------+
| timeme              | id   |
+---------------------+------+
| 2015-02-14 11:54:11 |  200 |
| 2015-02-14 13:06:37 |  100 |
| 0000-00-00 00:00:00 |  100 |
| 2015-02-14 13:09:20 |  400 |
| 2015-02-14 13:10:47 |  600 |  &amp;lt;-----------------timestameçš„å€¼ï¼ä¹Ÿè·Ÿç€å˜åŒ–ï¼å› ä¸ºon updateçš„ä½œç”¨
+---------------------+------+
5 rows in set (0.00 sec)
&lt;/code&gt;&lt;/pre&gt;

&lt;p&gt;è¿™å°±æ˜¯timestampå’Œyearçš„éƒ¨åˆ†ç”¨æ³•ã€‚&lt;/p&gt;

&lt;p&gt;å¸¸ç”¨çš„showå‘½ä»¤æ±‡æ€»show tables;
show databases;
show current_user();
show user();
show columns from apple; &amp;mdash;&amp;gt;æ˜¾ç¤ºappleè¡¨ç»“æ„ï¼Œç±»ä¼¼explain å’Œdesc
show variables like &amp;lsquo;%sql_mode%&amp;rsquo;   &amp;mdash;-&amp;gt;å’Œæ˜¾å¼ç›¸å…³ï¼Œæ˜¯mysqlæ¯”è¾ƒé‡è¦çš„å‚æ•°
show variables like &amp;lsquo;log%&amp;rsquo;              &amp;mdash;-&amp;gt;ä¼šæ˜¾ç¤ºæ—¥å¿—ç›¸å…³ä¿¡æ¯
show variables like &amp;lsquo;max_connect%&amp;rsquo;  &amp;mdash;-&amp;gt;æ˜¾å¼mysqlä¾›ç”¨æˆ·çš„æœ€å¤§è¿æ¥æ•°
show variables like &amp;lsquo;%innodb%&amp;rsquo;       &amp;mdash;-&amp;gt;æ˜¾å¼innodbç›¸å…³çš„ä¿¡æ¯
show variables like &amp;lsquo;%data%&amp;rsquo;           &amp;mdash;-&amp;gt;æ˜¾å¼mysql æ•°æ®çš„å­˜å‚¨ç›¸å…³ä¿¡æ¯
show variables like &amp;lsquo;%time_zone%&amp;rsquo;  &amp;mdash;&amp;ndash;&amp;gt;æ˜¾å¼æ—¶åŒºç›¸å…³ä¿¡æ¯
show variables like &amp;lsquo;%character%&amp;rsquo;;   &amp;mdash;-&amp;gt;æ˜¾å¼å­—ç¬¦é›†å’Œç¼–ç çš„ç›¸å…³ä¿¡æ¯
ä¸€äº›ä¸å¸¸ç”¨çš„show variables
show variables like &amp;lsquo;%query_cache%&amp;rsquo;  &amp;mdash;-&amp;gt;æŸ¥è¯¢ç¼“å­˜ï¼Œä¸æƒ³æ·±å…¥ï¼Œæ®è¯´æ˜¯è·Ÿä¼˜åŒ–æœ‰å…³ï¼ŒDBAé€‰æ‰‹å¯ä»¥æ·±å…¥ï¼Œæœ‰ä¸€ä¸ªå·¥ä¸šæ ‡å‡†ã€‚
show variables like &amp;lsquo;%key_buffer%&amp;rsquo;   &amp;mdash;&amp;mdash;&amp;gt;ä¹Ÿå’Œä¼˜åŒ–ç›¸å…³ï¼Œä¹Ÿæœ‰å·¥ä¸šæ ‡å‡†å€¼&lt;/p&gt;

&lt;p&gt;è¿˜æœ‰ä¸€äº›æ²¡æƒ³èµ·æ¥çš„ï¼Œä»¥åå†å†™ã€‚
å¦å¤–è¿˜å¯ä»¥æ˜¾ç¤ºå½“å‰ç³»ç»Ÿçš„çŠ¶æ€çš„è¯¦ç»†å€¼
show status;
show status like &amp;lsquo;%&amp;hellip;%&amp;rsquo;  &amp;mdash;-&amp;gt;æ˜¾ç¤ºæŸä¸ªå€¼çš„ä¿¡æ¯
mysql&amp;gt; show status like &amp;lsquo;%buffer%&amp;rsquo;;&lt;/p&gt;

&lt;p&gt;ä¿¡æ¯å€¼ä¸æ˜¯ç‰¹åˆ«äº†è§£ã€‚ã€‚ã€‚&lt;/p&gt;

&lt;p&gt;status æ˜¾å¼mysqlå½“å‰åº“çš„ä½¿ç”¨æƒ…å†µï¼š&lt;/p&gt;

&lt;pre&gt;&lt;code class=&#34;language-mysql&#34;&gt;mysql&amp;gt; status
--------------
mysql  Ver 14.14 Distrib 5.6.20, for Win32 (x86)

Connection id:          2             è¿æ¥çš„id
Current database:       test     å½“å‰æ•°æ®åº“
Current user:           root@localhost    å½“å‰ç”¨æˆ·
SSL:                    Not in use             æ˜¯å¦ä½¿ç”¨åŠ å¯†çš„sslåè®®
Using delimiter:        ;          ä½¿ç”¨çš„ç»ˆæ­¢ç¬¦
Server version:         5.6.20 MySQL Community Server (GPL)
Protocol version:       10
Connection:             localhost via TCP/IP
Server characterset:    latin1
Db     characterset:    latin1            æ•°æ®åº“çš„å­—ç¬¦é›†
Client characterset:    gbk          å®¢æˆ·ç«¯çš„å­—ç¬¦é›†
Conn.  characterset:    gbk        
TCP port:               3306                      å¼€æ”¾çš„ç«¯å£å·
Uptime:                 5 hours 20 min 1 sec    ç™»å½•æ—¶é—´

ä¸€äº›å½“å‰çº¿ç¨‹ä¿¡æ¯
Threads: 1  Questions: 182  Slow queries: 0  Opens: 96  Flush tables: 1
bles: 72  Queries per second avg: 0.009
--------------
&lt;/code&gt;&lt;/pre&gt;

&lt;p&gt;create database ch charset = utf8;  &amp;mdash;-&amp;gt;ä¼šæ”¹å˜Db charactersetçš„å€¼
set names utf8  &amp;mdash;&amp;mdash;&amp;mdash;&amp;mdash;&amp;mdash;&amp;mdash;&amp;mdash;&amp;mdash;&amp;mdash;-&amp;gt;ä¼šæ”¹å˜client characerset å’ŒConn.characternetçš„å€¼ï¼&lt;/p&gt;

&lt;p&gt;delimiter $$   åˆ™æ¯ä½¿ç”¨ä¸€ä¸ªmysqlè¯­å¥å¿…é¡»æ˜¯ç”¨$$ç»“å°¾  è€Œä¸æ˜¯;åˆ†å·ç»“å°¾äº†ï¼&lt;/p&gt;

&lt;p&gt;è¡¥å……æ•°æ®ç±»å‹çš„åˆ†ç±»ï¼šï¼ˆæ‘˜è‡ªå¦‚é¹ï¼‰
æ–‡æœ¬ï¼š&lt;/p&gt;

&lt;p&gt;CHAR(&lt;em&gt;)ï¼šæœ€å¤š255ä¸ªå­—èŠ‚çš„å®šé•¿å­—ç¬¦ä¸²ï¼Œå®ƒçš„é•¿åº¦å¿…é¡»åœ¨åˆ›å»ºæ—¶æŒ‡å®š
VARCHAR(&lt;/em&gt;)ï¼šæœ€å¤š255ï¼ˆ65535ï¼‰ä¸ªå­—èŠ‚çš„å¯å˜é•¿åº¦å­—ç¬¦ä¸²ï¼Œå®ƒçš„é•¿åº¦å¿…é¡»åœ¨åˆ›å»ºæ—¶æŒ‡å®š
TEXTï¼šæœ€å¤§é•¿åº¦ä¸º64Kå­—ç¬¦çš„å˜é•¿æ–‡æœ¬
TINYTEXTï¼šæœ€å¤§é•¿åº¦ä¸º255å­—ç¬¦çš„å˜é•¿æ–‡æœ¬
MEDUIMTEXTï¼šæœ€å¤§é•¿åº¦ä¸º16Kå­—ç¬¦çš„å˜é•¿æ–‡æœ¬
LONGTEXTï¼šæœ€å¤§é•¿åº¦ä¸º4GBå­—ç¬¦çš„å˜é•¿æ–‡æœ¬&lt;/p&gt;

&lt;p&gt;æ•´æ•°(è€ƒè™‘æ•°æ®å–å€¼åé€‰æ‹©å°½å¯èƒ½å°çš„ç±»å‹)&lt;/p&gt;

&lt;p&gt;tinyintï¼š1å­—èŠ‚ã€‚æœ‰ç¬¦å·å€¼ï¼š-128 åˆ°127ï¼›æ— ç¬¦å·å€¼ï¼š0åˆ°255
smallintï¼š2å­—èŠ‚ã€‚æœ‰ç¬¦å·å€¼ï¼š-32768 åˆ°32767ï¼›æ— ç¬¦å·å€¼ï¼š0åˆ°65535
mediumintï¼š3å­—èŠ‚ã€‚
intï¼š4å­—èŠ‚
bigintï¼š8å­—èŠ‚&lt;/p&gt;

&lt;p&gt;å°æ•°(éœ€è¦æŒ‡å®šé•¿åº¦å’Œå°æ•°ç‚¹ï¼Œä¹Ÿå°±æ˜¯æ˜¾ç¤ºå®½åº¦å’Œå°æ•°ä½æ•°)ï¼š&lt;/p&gt;

&lt;p&gt;decimalï¼šç²¾ç¡®å­˜å‚¨çš„å°æ•°ï¼Œåœ¨å†…éƒ¨ç”¨å­—ç¬¦ä¸²å­˜å‚¨ï¼Œé€‚åˆé‡‘é¢ç­‰è¦æ±‚ç²¾ç¡®çš„ç±»å‹ã€‚åˆ«åï¼šNUMERICï¼ˆé“¶è¡Œï¼Œå·®ä¸€ç‚¹éƒ½ä¸è¡Œï¼ï¼‰
floatï¼š4å­—èŠ‚ï¼Œå•ç²¾åº¦ã€‚ä¼šè¿‘ä¼¼å­˜å‚¨(&lt;em&gt;)ï¼Œæ•ˆç‡æ¯”decimalé«˜ã€‚
doubleï¼š8å­—èŠ‚ï¼ŒåŒç²¾åº¦ã€‚ä¼šè¿‘ä¼¼å­˜å‚¨(&lt;/em&gt;)ï¼Œæ•ˆç‡æ¯”decimalé«˜ã€‚&lt;/p&gt;

&lt;p&gt;æ—¥æœŸæ—¶é—´ï¼š&lt;/p&gt;

&lt;p&gt;DATEï¼š4å­—èŠ‚ã€‚èŒƒå›´ï¼š1000-01-01â€”â€”9999-12-31
TIMEï¼š3å­—èŠ‚ã€‚èŒƒå›´ï¼š-838:59:59â€”â€”838:59:59
DATETIMEï¼š8å­—èŠ‚ã€‚èŒƒå›´ï¼š1000-01-01 00:00:00â€”â€”9999-12-31 23:59:59&lt;/p&gt;

&lt;p&gt;äºŒè¿›åˆ¶å¤§æ•°æ®ï¼š&lt;/p&gt;

&lt;p&gt;TITYBLOBï¼šæœ€å¤§é•¿åº¦ä¸º255å­—èŠ‚
BLOBï¼šæœ€å¤§é•¿åº¦ä¸º64KB
MEDIUMBLOBï¼šæœ€å¤§é•¿åº¦ä¸º16MB
LONGBLOBï¼šæœ€å¤§é•¿åº¦ä¸º4GB&lt;/p&gt;

&lt;p&gt;selectçš„é«˜çº§ä½¿ç”¨æ–¹å¼ï¼š&lt;/p&gt;

&lt;p&gt;1ï¼šèšåˆå‡½æ•°
èšåˆå‡½æ•°ï¼šå…¶å®å°±æ˜¯ç»Ÿè®¡ä¸­å¸¸ç”¨çš„æœ€å¤§å€¼ï¼ˆMAXï¼‰ï¼Œæœ€å°å€¼(MIN)ï¼Œå¹³å‡å€¼(AVG),æ±‚å’Œï¼ˆSUMï¼‰ï¼Œè®°å½•ç»Ÿè®¡ï¼ˆCOUNTï¼‰ç­‰å‡½æ•°
mysql&amp;gt; select count(*) from apple;
mysql&amp;gt; select max(id) from apple;
å¤åˆ¶ä»£ç 
æŒ‰ç…§å…·ä½“æƒ…å†µåŒ¹é…ä½¿ç”¨&lt;/p&gt;

&lt;p&gt;2ï¼š limit é™åˆ¶æ˜¾ç¤ºçš„æ¡æ•°
ä¸€ä¸ªæ³¨æ„ç‚¹limitæ˜¯mysqlç‹¬æœ‰çš„ï¼Œå¿…é¡»æ”¾åœ¨æœ€åï¼Œç”šè‡³æ¯”åˆ†ç»„ï¼ˆorder byï¼‰è¿˜é å
Limit 2,4 è¡¨ç¤ºä»ç¬¬äºŒä¸ªè®°å½•ä¹‹åçš„å››ä¸ªè®°å½•ï¼Œå³2,3,4,5&lt;/p&gt;

&lt;pre&gt;&lt;code class=&#34;language-mysql&#34;&gt;mysql&amp;gt; select * from apple limit 2,4;
+----+-----------+
| id | name      |
+----+-----------+
|  3 | shift     |
|  4 | caps      |
|  6 | tomato    |
|  7 | backspace |
+----+-----------+
4 rows in set (0.00 sec)
&lt;/code&gt;&lt;/pre&gt;

&lt;p&gt;æ³¨æ„ï¼š å¯ç”¨äºç½‘é¡µçš„åˆ†é¡µï¼  ç”¨äºorder by ä¹‹åï¼Œorder by ä¸€èˆ¬ç”¨äºwhereä¹‹å
where  &amp;hellip;
order by &amp;hellip;
limit &amp;hellip;
3 æ’åºï¼ˆorder by)&lt;/p&gt;

&lt;p&gt;ä¸€èˆ¬æ˜¯å¤„äºselectè¯­å¥çš„æœ«å°¾ï¼ˆé€‚ç”¨äºsqlserver mysql oracle..)&lt;/p&gt;

&lt;p&gt;è¿™æ—¶å€™æƒ³è¦å¤åˆ¶ä¸€å¼ è¡¨
å‚è€ƒæ­¤æ–‡
1.å¤åˆ¶è¡¨ç»“æ„åŠæ•°æ®åˆ°æ–°è¡¨&lt;/p&gt;

&lt;p&gt;CREATE TABLE æ–°è¡¨
SELECT * FROM æ—§è¡¨&lt;/p&gt;

&lt;p&gt;2.åªå¤åˆ¶è¡¨ç»“æ„åˆ°æ–°è¡¨&lt;/p&gt;

&lt;p&gt;CREATE TABLE æ–°è¡¨
SELECT * FROM æ—§è¡¨ WHERE 1=2
å³:è®©WHEREæ¡ä»¶ä¸æˆç«‹.
æ–¹æ³•äºŒ:(ä½ç‰ˆæœ¬çš„mysqlä¸æ”¯æŒï¼Œmysql4.0.25 ä¸æ”¯æŒï¼Œmysql5å·²ç»æ”¯æŒäº†)
CREATE TABLE æ–°è¡¨
LIKE æ—§è¡¨&lt;/p&gt;

&lt;p&gt;3.å¤åˆ¶æ—§è¡¨çš„æ•°æ®åˆ°æ–°è¡¨(å‡è®¾ä¸¤ä¸ªè¡¨ç»“æ„ä¸€æ ·)&lt;/p&gt;

&lt;p&gt;INSERT INTO æ–°è¡¨
SELECT * FROM æ—§è¡¨&lt;/p&gt;

&lt;p&gt;4.å¤åˆ¶æ—§è¡¨çš„æ•°æ®åˆ°æ–°è¡¨(å‡è®¾ä¸¤ä¸ªè¡¨ç»“æ„ä¸ä¸€æ ·)&lt;/p&gt;

&lt;p&gt;INSERT INTO æ–°è¡¨(å­—æ®µ1,å­—æ®µ2,â€¦â€¦.)
SELECT å­—æ®µ1,å­—æ®µ2,â€¦â€¦ FROM æ—§è¡¨&lt;/p&gt;

&lt;pre&gt;&lt;code class=&#34;language-mysql&#34;&gt;mysql&amp;gt; create table b1 select * from t_students;
Query OK, 18 rows affected (0.55 sec)
Records: 18  Duplicates: 0  Warnings: 0
&lt;/code&gt;&lt;/pre&gt;

&lt;p&gt;b1å°±æ˜¯æˆ‘ä»¬æµ‹è¯•çš„æ•°æ®è¡¨ï¼›
åˆ é™¤æŸä¸ªå­—æ®µï¼Œæ¯”å¦‚åå­—ä¸æƒ³æ˜¾ç¤ºã€‚å‚è€ƒæ­¤æ–‡
çŸ¥é“äº†å¯ä»¥drop column  ä¹Ÿå¯ä»¥change å­—æ®µä¿¡æ¯
MySQLæ·»åŠ å­—æ®µï¼š&lt;/p&gt;

&lt;p&gt;alter table &lt;code&gt;user_movement_log&lt;/code&gt;&lt;br /&gt;
Add column GatewayId int not null default 0 AFTER &lt;code&gt;Regionid&lt;/code&gt; (åœ¨å“ªä¸ªå­—æ®µåé¢æ·»åŠ )&lt;/p&gt;

&lt;p&gt;åˆ é™¤å­—æ®µï¼š&lt;/p&gt;

&lt;p&gt;alter table &lt;code&gt;user_movement_log&lt;/code&gt; drop column Gatewayid&lt;/p&gt;

&lt;p&gt;è°ƒæ•´å­—æ®µé¡ºåºï¼š&lt;/p&gt;

&lt;p&gt;ALTER TABLE &lt;code&gt;user_movement_log&lt;/code&gt; CHANGE &lt;code&gt;GatewayId&lt;/code&gt; &lt;code&gt;GatewayId&lt;/code&gt; int not null default 0 AFTER RegionID&lt;/p&gt;

&lt;p&gt;mysql&amp;gt; alter table b1 drop column Name;
Query OK, 0 rows affected (0.52 sec)
Records: 0  Duplicates: 0  Warnings: 0&lt;/p&gt;

&lt;p&gt;æ˜¯çš„é€šè¿‡æ­¤ç§æ–¹å¼æœ‰æ•ˆï¼š&lt;/p&gt;

&lt;pre&gt;&lt;code class=&#34;language-mysql&#34;&gt;mysql&amp;gt; select * from b1;
+----+--------+-----------------+------+------+
| Id | Gender | Hobbies         | Age  | Test |
+----+--------+-----------------+------+------+
|  0 |       | ç¾½æ¯›çƒ          |   30 |   31 |
|  1 |       | ç¼–ç¨‹            |   24 |   31 |
|  2 |        | æ—…æ¸¸            |   27 |   30 |
|  3 |       | è¶³çƒ dota       |   25 |   31 |
|  4 |       | æ‰“ç‚®ï¼Œæ‘„å½±      |   30 |   31 |
|  6 |       | ç¯®çƒ            |   34 |   31 |
|  7 |       | éŸ³ä¹ï¼Œç¼–ç¨‹ å†›äº‹ |   30 |   31 |
|  8 |       | æ‘„å½±            |   26 |   31 |
|  9 |       | ç”µå½±            |   26 |   31 |
| 10 |       | æ¶ˆæ¶ˆä¹          |   26 |   31 |
| 11 |        | æ¶ˆæ¶ˆä¹          |   24 |   30 |
| 12 |        | è´­ç‰©            | NULL |   30 |
| 13 |       | éª‘è¡Œ            | NULL |   31 |
| 14 |       | å­¦æœ¯            |   34 |   31 |
| 15 |       | ä¸æ¸…æ¥š          | NULL |   31 |
| 16 |       | æ•£æ­¥            | NULL |   31 |
| 17 |       | NULL            | NULL |   31 |
| 18 |        | å®¶åº­ä¸»å¦‡        |   26 |   30 |
+----+--------+-----------------+------+------+
18 rows in set (0.00 sec)
	```
æµ‹è¯•åˆ†ç»„æ–¹æ³•ï¼šå‡åºæ’åˆ—ï¼ˆé™åºç”¨descï¼‰
  è§„åˆ™ç”¨ order by å­—æ®µå  asc|desc

&lt;/code&gt;&lt;/pre&gt;

&lt;p&gt;mysql
mysql&amp;gt; select * from b1
    -&amp;gt; order by Age asc;
+&amp;mdash;-+&amp;mdash;&amp;mdash;&amp;ndash;+&amp;mdash;&amp;mdash;&amp;mdash;&amp;mdash;&amp;mdash;&amp;ndash;+&amp;mdash;&amp;mdash;+&amp;mdash;&amp;mdash;+
| Id | Gender | Hobbies         | Age  | Test |
+&amp;mdash;-+&amp;mdash;&amp;mdash;&amp;ndash;+&amp;mdash;&amp;mdash;&amp;mdash;&amp;mdash;&amp;mdash;&amp;ndash;+&amp;mdash;&amp;mdash;+&amp;mdash;&amp;mdash;+
| 17 |       | NULL            | NULL |   31 |
| 16 |       | æ•£æ­¥            | NULL |   31 |
| 15 |       | ä¸æ¸…æ¥š          | NULL |   31 |
| 13 |       | éª‘è¡Œ            | NULL |   31 |
| 12 |        | è´­ç‰©            | NULL |   30 |
|  1 |       | ç¼–ç¨‹            |   24 |   31 |
| 11 |        | æ¶ˆæ¶ˆä¹          |   24 |   30 |
|  3 |       | è¶³çƒ dota       |   25 |   31 |
| 18 |        | å®¶åº­ä¸»å¦‡        |   26 |   30 |
| 10 |       | æ¶ˆæ¶ˆä¹          |   26 |   31 |
|  9 |       | ç”µå½±            |   26 |   31 |
|  8 |       | æ‘„å½±            |   26 |   31 |
|  2 |        | æ—…æ¸¸            |   27 |   30 |
|  7 |       | éŸ³ä¹ï¼Œç¼–ç¨‹ å†›äº‹ |   30 |   31 |
|  4 |       | æ‰“ç‚®ï¼Œæ‘„å½±      |   30 |   31 |
|  0 |       | ç¾½æ¯›çƒ          |   30 |   31 |
| 14 |       | å­¦æœ¯            |   34 |   31 |
|  6 |       | ç¯®çƒ            |   34 |   31 |
+&amp;mdash;-+&amp;mdash;&amp;mdash;&amp;ndash;+&amp;mdash;&amp;mdash;&amp;mdash;&amp;mdash;&amp;mdash;&amp;ndash;+&amp;mdash;&amp;mdash;+&amp;mdash;&amp;mdash;+&lt;/p&gt;

&lt;pre&gt;&lt;code&gt;    ä¹Ÿå¯ä»¥ç»„åˆæ’åºï¼šå…ˆæŒ‰å¹´é¾„çš„å‡åºï¼Œå†æŒ‰idçš„é™åº

&lt;/code&gt;&lt;/pre&gt;

&lt;p&gt;mysql
mysql&amp;gt; select * from b1
    -&amp;gt; order by Age asc,Id desc;
+&amp;mdash;-+&amp;mdash;&amp;mdash;&amp;ndash;+&amp;mdash;&amp;mdash;&amp;mdash;&amp;mdash;&amp;mdash;&amp;ndash;+&amp;mdash;&amp;mdash;+&amp;mdash;&amp;mdash;+
| Id | Gender | Hobbies         | Age  | Test |
+&amp;mdash;-+&amp;mdash;&amp;mdash;&amp;ndash;+&amp;mdash;&amp;mdash;&amp;mdash;&amp;mdash;&amp;mdash;&amp;ndash;+&amp;mdash;&amp;mdash;+&amp;mdash;&amp;mdash;+
| 17 |       | NULL            | NULL |   31 |
| 16 |       | æ•£æ­¥            | NULL |   31 |
| 15 |       | ä¸æ¸…æ¥š          | NULL |   31 |
| 13 |       | éª‘è¡Œ            | NULL |   31 |
| 12 |        | è´­ç‰©            | NULL |   30 |
| 11 |        | æ¶ˆæ¶ˆä¹          |   24 |   30 |
|  1 |       | ç¼–ç¨‹            |   24 |   31 |
|  3 |       | è¶³çƒ dota       |   25 |   31 |
| 18 |        | å®¶åº­ä¸»å¦‡        |   26 |   30 |
| 10 |       | æ¶ˆæ¶ˆä¹          |   26 |   31 |
|  9 |       | ç”µå½±            |   26 |   31 |
|  8 |       | æ‘„å½±            |   26 |   31 |
|  2 |        | æ—…æ¸¸            |   27 |   30 |
|  7 |       | éŸ³ä¹ï¼Œç¼–ç¨‹ å†›äº‹ |   30 |   31 |
|  4 |       | æ‰“ç‚®ï¼Œæ‘„å½±      |   30 |   31 |
|  0 |       | ç¾½æ¯›çƒ          |   30 |   31 |
| 14 |       | å­¦æœ¯            |   34 |   31 |
|  6 |       | ç¯®çƒ            |   34 |   31 |
+&amp;mdash;-+&amp;mdash;&amp;mdash;&amp;ndash;+&amp;mdash;&amp;mdash;&amp;mdash;&amp;mdash;&amp;mdash;&amp;ndash;+&amp;mdash;&amp;mdash;+&amp;mdash;&amp;mdash;+&lt;/p&gt;

&lt;pre&gt;&lt;code&gt;
4. asä½œä¸ºè¾…åŠ©æ˜¾ç¤º   where åˆ™è¿›è¡Œåˆ¤æ–­ï¼Œæ¡ä»¶æ˜¾ç¤ºä¿¡æ¯
&lt;/code&gt;&lt;/pre&gt;

&lt;p&gt;mysql
mysql&amp;gt; select Hobbies as çˆ±å¥½,Age as å¹´é¾„ from b1
    -&amp;gt; where Age &amp;gt;24 and Age &amp;lt;30;
+&amp;mdash;&amp;mdash;&amp;mdash;&amp;ndash;+&amp;mdash;&amp;mdash;+
| çˆ±å¥½      | å¹´é¾„ |
+&amp;mdash;&amp;mdash;&amp;mdash;&amp;ndash;+&amp;mdash;&amp;mdash;+
| æ—…æ¸¸      |   27 |
| è¶³çƒ dota |   25 |
| æ‘„å½±      |   26 |
| ç”µå½±      |   26 |
| æ¶ˆæ¶ˆä¹    |   26 |
| å®¶åº­ä¸»å¦‡  |   26 |
+&amp;mdash;&amp;mdash;&amp;mdash;&amp;ndash;+&amp;mdash;&amp;mdash;+
6 rows in set (0.02 sec)&lt;/p&gt;

&lt;pre&gt;&lt;code&gt;

5ï¼šlikeæ¨¡ç³ŠåŒ¹é…
     æ­£åˆ™è¡¨è¾¾å¼çš„æ•ˆæœï¼ŒæŸ¥æ‰¾å«æœ‰æŸæŸçš„å­—ç¬¦ä¸²çš„ä¿¡æ¯

ä¸‹é¢ä¿¡æ¯æ¥è‡ªå¦‚é¹ï¼š
é€šé…ç¬¦è¿‡æ»¤ä½¿ç”¨LIKE ã€‚
1ã€å•å­—ç¬¦åŒ¹é…çš„é€šé…ç¬¦ä¸ºåŠè§’ä¸‹åˆ’çº¿â€œ_â€ï¼ˆç±»ä¼¼äºæ­£åˆ™è¡¨è¾¾å¼çš„.ï¼‰ï¼Œå®ƒåŒ¹é…å•ä¸ªå‡ºç°çš„å­—ç¬¦ã€‚ä»¥ä»»æ„å­—ç¬¦å¼€å¤´ï¼Œå‰©ä½™éƒ¨åˆ†ä¸ºâ€œerryâ€ ï¼šSELECT * FROM T_Employees WHERE Name LIKE &#39;_erry&#39;
2ã€å¤šå­—ç¬¦åŒ¹é…çš„é€šé…ç¬¦ä¸ºåŠè§’ç™¾åˆ†å·â€œ%â€ï¼Œå®ƒåŒ¹é…ä»»æ„æ¬¡æ•°ï¼ˆé›¶æˆ–å¤šä¸ªï¼‰å‡ºç°çš„ä»»æ„å­—ç¬¦ã€‚ â€œk%â€åŒ¹é…ä»¥â€œkâ€å¼€å¤´ã€ä»»æ„é•¿åº¦çš„å­—ç¬¦ä¸²ã€‚æ£€ç´¢å§“åä¸­åŒ…å«å­—æ¯â€œnâ€çš„å‘˜å·¥ä¿¡æ¯ ï¼šSELECT * FROM T_Employees WHERE Name LIKE &#39;%n%&#39;
3ã€Likeæ€§èƒ½è¾ƒå·®ï¼Œå¾ˆå®¹æ˜“é€ æˆå…¨è¡¨æ‰«æï¼Œè°¨æ…ä½¿ç”¨ã€‚åé¢ä¼šè®²æ•°æ®åº“ä¼˜åŒ–(ç´¢å¼•ç­‰)ï¼Œé¡¹ç›®ä¸­åšæœç´¢ç”¨å…¨æ–‡æ£€ç´¢ã€‚
æµ‹è¯•ï¼šï¼ˆä¸åƒ = å·å¿…é¡»ä¸€æ · ï¼Œ likeæ˜¯æ¨¡ç³ŠåŒ¹é…ï¼‰(æ•°æ®åº“å…¨éƒ¨å–å‡ºæ¥ï¼Œç„¶åä¸€æ¡ä¸€æ¡æ‰«æ)

&lt;/code&gt;&lt;/pre&gt;

&lt;p&gt;mysql
mysql&amp;gt; select * from b1 where Hobbies like &amp;lsquo;%ç¾½æ¯›%&amp;rsquo;;
+&amp;mdash;-+&amp;mdash;&amp;mdash;&amp;ndash;+&amp;mdash;&amp;mdash;&amp;mdash;+&amp;mdash;&amp;mdash;+&amp;mdash;&amp;mdash;+
| Id | Gender | Hobbies | Age  | Test |
+&amp;mdash;-+&amp;mdash;&amp;mdash;&amp;ndash;+&amp;mdash;&amp;mdash;&amp;mdash;+&amp;mdash;&amp;mdash;+&amp;mdash;&amp;mdash;+
|  0 |       | ç¾½æ¯›çƒ  |   30 |   31 |
+&amp;mdash;-+&amp;mdash;&amp;mdash;&amp;ndash;+&amp;mdash;&amp;mdash;&amp;mdash;+&amp;mdash;&amp;mdash;+&amp;mdash;&amp;mdash;+
1 row in set (0.14 sec)&lt;/p&gt;

&lt;pre&gt;&lt;code&gt;
6.æ§åˆ¶åˆ¤æ–­ Null
Nullçš„ç²¾ç¡®ç¿»è¯‘æ˜¯ä¸çŸ¥é“ï¼Œè¿ä¸çŸ¥é“æ€ä¹ˆè®©æ•°æ®åº“çŸ¥é“ï¼Œæ‰€ä»¥å¿…é¡»ç”¨ä¸“é—¨çš„å‡½æ•°iså’Œis notè¿›è¡Œåˆ¤æ–­ï¼Œç±»ä¼¼äºbitçš„binå‡½æ•°

&lt;/code&gt;&lt;/pre&gt;

&lt;p&gt;mysql
mysql&amp;gt; select Null+1;
+&amp;mdash;&amp;mdash;&amp;ndash;+
| Null+1 |
+&amp;mdash;&amp;mdash;&amp;ndash;+
|   NULL |
+&amp;mdash;&amp;mdash;&amp;ndash;+
1 row in set (0.04 sec)&lt;/p&gt;

&lt;pre&gt;&lt;code&gt;ä¸çŸ¥é“+1è¿˜æ˜¯ä¸çŸ¥é“ã€‚NUllç›¸å½“äºæ˜¯ä¸€ä¸ªå¯¹è±¡ï¼Œè¿™ä¸ªå¯¹è±¡ä¸çŸ¥é“é‡Œé¢çš„å€¼ä¸ºå¤šå°‘ï¼Œæ‰€ä»¥æ— æ³•è¿›è¡Œ=å’Œlikeçš„æ¯”è¾ƒ
SQLä¸­ä½¿ç”¨is nullã€is not nullæ¥è¿›è¡Œç©ºå€¼åˆ¤æ–­ï¼š
&lt;/code&gt;&lt;/pre&gt;

&lt;p&gt;mysql
mysql&amp;gt; select * from  b1 where Age is NULL;
+&amp;mdash;-+&amp;mdash;&amp;mdash;&amp;ndash;+&amp;mdash;&amp;mdash;&amp;mdash;+&amp;mdash;&amp;mdash;+&amp;mdash;&amp;mdash;+
| Id | Gender | Hobbies | Age  | Test |
+&amp;mdash;-+&amp;mdash;&amp;mdash;&amp;ndash;+&amp;mdash;&amp;mdash;&amp;mdash;+&amp;mdash;&amp;mdash;+&amp;mdash;&amp;mdash;+
| 12 |        | è´­ç‰©    | NULL |   30 |
| 13 |       | éª‘è¡Œ    | NULL |   31 |
| 15 |       | ä¸æ¸…æ¥š  | NULL |   31 |
| 16 |       | æ•£æ­¥    | NULL |   31 |
| 17 |       | NULL    | NULL |   31 |
+&amp;mdash;-+&amp;mdash;&amp;mdash;&amp;ndash;+&amp;mdash;&amp;mdash;&amp;mdash;+&amp;mdash;&amp;mdash;+&amp;mdash;&amp;mdash;+
5 rows in set (0.00 sec)&lt;/p&gt;

&lt;pre&gt;&lt;code&gt;å¦‚æœä½¿ç”¨=å· å’Œlikeåˆ™æ²¡æœ‰ä»»ä½•æ˜¾ç¤º
&lt;/code&gt;&lt;/pre&gt;

&lt;p&gt;mysql
mysql&amp;gt; select * from  b1 where Age = NULL;
Empty set (0.01 sec)&lt;/p&gt;

&lt;p&gt;mysql&amp;gt; select * from  b1 where Age like &amp;lsquo;%NULL%&amp;rsquo;;
Empty set (0.00 sec)&lt;/p&gt;

&lt;pre&gt;&lt;code&gt;
7 åˆ†ç»„ï¼ˆgroup by)

æ¯”å¦‚æœ‰ä¸€ä¸ªå­—æ®µå«åšéƒ¨é—¨ï¼Œå¦‚æœgroup by éƒ¨é—¨  é‚£ä¹ˆå¦‚æœéƒ¨é—¨å€¼ç›¸åŒçš„idåˆ™è¢«åˆ†é…åˆ°ä¸€ä¸ªç»„ä¸­ï¼ï¼ï¼åŒä¸€ç»„ä¸­çš„å€¼å¯ä»¥è¿›è¡Œå†select,ä¸ºäº†å®ç°è¿™ä¸ªç›®çš„ï¼Œä¸€èˆ¬éœ€è¦äº†è§£å¤–é”®çš„çŸ¥è¯†ï¼Œå¤šè¡¨çš„æ¦‚å¿µã€‚ç°åœ¨è¿›è¡Œæµ‹è¯•ï¼š
&lt;/code&gt;&lt;/pre&gt;

&lt;p&gt;mysql
mysql&amp;gt; select Age from b1 group by age;
+&amp;mdash;&amp;mdash;+
| Age  |
+&amp;mdash;&amp;mdash;+
| NULL |
|   24 |
|   25 |
|   26 |
|   27 |
|   30 |
|   34 |
+&amp;mdash;&amp;mdash;+
7 rows in set (0.04 sec)&lt;/p&gt;

&lt;pre&gt;&lt;code&gt;å¯ä»¥çœ‹åˆ°å¦‚æœå¯¹å¹´é¾„è¿›è¡Œåˆ†ç»„ï¼Œæ€»å…±æœ‰7ä¸ªç»„
å°†Ageç›¸åŒçš„æ•°æ®è¡Œæ”¾åˆ°ä¸€ç»„ï¼Œåˆ†ç»„åçš„æ•°æ®å¯ä»¥çœ‹ä½œä¸€ä¸ªä¸´æ—¶çš„ç»“æœé›†ï¼Œè€ŒSELECT  Ageè¯­å¥åˆ™å–å‡ºæ¯ç»„çš„Ageå­—æ®µçš„å€¼ï¼Œè¿™æ ·æˆ‘ä»¬å°±å¾—åˆ°ä¸Šè¡¨çš„å‘˜å·¥å¹´é¾„æ®µè¡¨äº†
æ³¨æ„ç‚¹ï¼šå¦‚æœSELECTè¯­å¥æœ‰WHEREå­å¥ï¼Œåˆ™GROUP BYå­å¥å¿…é¡»æ”¾åˆ°WHEREè¯­å¥çš„ä¹‹åã€‚
é€šè¿‡count(Age)å¯ä»¥çœ‹åˆ°æ¯ä¸ªåˆ†ç»„åˆ°åº•æœ‰å¤šå°‘ä¸ªäººï¼è¿™æ˜¯ä¸€ä¸ªç›¸å½“æ£’çš„æŸ¥è¯¢ç»“æœ
&lt;/code&gt;&lt;/pre&gt;

&lt;p&gt;mysql
mysql&amp;gt; select Age,count(Age) from b1 group by age;
+&amp;mdash;&amp;mdash;+&amp;mdash;&amp;mdash;&amp;mdash;&amp;mdash;+
| Age  | count(Age) |
+&amp;mdash;&amp;mdash;+&amp;mdash;&amp;mdash;&amp;mdash;&amp;mdash;+
| NULL |          0 |
|   24 |          2 |
|   25 |          1 |
|   26 |          4 |
|   27 |          1 |
|   30 |          3 |
|   34 |          2 |
+&amp;mdash;&amp;mdash;+&amp;mdash;&amp;mdash;&amp;mdash;&amp;mdash;+
7 rows in set (0.00 sec)&lt;/p&gt;

&lt;pre&gt;&lt;code&gt;å¯ä»¥æƒ³æƒ³å¦‚æœ æ˜¯å¯¹éƒ¨é—¨è¿›è¡Œåˆ†ç»„ï¼Œå¹¶å­˜åœ¨salaryå­—æ®µï¼Œåˆ™å¯ä»¥avg(salary)è·å¾—æŸä¸ªéƒ¨é—¨çš„å¹³å‡å·¥èµ„ï¼ˆmin æœ€å°  maxæœ€å¤§  sumå¯¹éƒ¨é—¨å·¥èµ„æ±‚å’Œï¼æ–¹ä¾¿ï¼‰ï¼Œå› ä¸ºç»è¿‡åˆ†ç»„åï¼Œselectå¾—åˆ°çš„ç»“æœæ˜¯åˆ†ç»„çš„ä¿¡æ¯ï¼Œ
è€Œä¸æ˜¯å•ä¸€çš„ä¿¡æ¯äº†
1ï¼‰è®¡ç®—æ¯ä¸ªåˆ†ç»„ä¸­çš„å‘˜å·¥å¹³å‡å·¥èµ„
&lt;/code&gt;&lt;/pre&gt;

&lt;p&gt;mysql
SELECT Age,AVG(Salary) FROM T_Employees&lt;/p&gt;

&lt;p&gt;GROUP BY Age&lt;/p&gt;

&lt;pre&gt;&lt;code&gt;å¦‚é¹çš„æ€»ç»“ï¼šåˆ†ç»„è¯­å¥ä¸€èˆ¬å’Œèšåˆå‡½æ•°ä¸€èµ·ä½¿ç”¨ï¼ŒGROUP BYå­å¥è´Ÿè´£å°†æ•°æ®åˆ†æˆé€»è¾‘ç»„ï¼Œè€Œèšåˆå‡½æ•°åˆ™å¯¹æ¯ä¸€ä¸ªç»„è¿›è¡Œç»Ÿè®¡è®¡ç®—ã€‚


8.è”åˆæŸ¥è¯¢--ä¹‹leftjoinæ¨¡å¼

å¤šè¡¨æŸ¥è¯¢ï¼Œæ˜¯ä¸€ä¸ªæ¯”è¾ƒå®é™…çš„è¿ç”¨ï¼ï¼Œå¤šè¡¨æŸ¥è¯¢ä¸­æ¶‰åŠåˆ°è”åˆæŸ¥è¯¢ï¼Œå…ˆå»ºç«‹ä¸‰å¼ è¡¨ï¼Œç„¶åæ·»åŠ æ•°æ®ï¼Œæµ‹è¯•å°±ä¼šæ˜ç™½äº†
åˆ›å»ºç¬¬ä¸€å¼ è¡¨ T_customers ,è®¾è®¡äº†Idä¸ºä¸»é”®,è‡ªåŠ¨å¢é•¿ï¼ŒNameä¸ºvarchar  not nullï¼ŒAgeä¸ºtinyintå°±å¤Ÿäº†

&lt;/code&gt;&lt;/pre&gt;

&lt;p&gt;mysql
mysql&amp;gt; create table T_Customers(
    -&amp;gt; Id int(4) auto_increment primary key,
    -&amp;gt; Name varchar(20) not null default &amp;ldquo;,
    -&amp;gt; Age tinyint default 0);
Query OK, 0 rows affected (0.31 sec)&lt;/p&gt;

&lt;p&gt;å¹¶æ·»åŠ å®Œæ•°æ®ï¼š
mysql&amp;gt; INSERT INTO T_Customers(Id,Name,Age)
    -&amp;gt; VALUES(1,&amp;lsquo;TOM&amp;rsquo;,21);
Query OK, 1 row affected (0.12 sec)&lt;/p&gt;

&lt;p&gt;mysql&amp;gt; INSERT INTO T_Customers(Id,Name,Age)
    -&amp;gt; VALUES(2,&amp;lsquo;MIKE&amp;rsquo;,24);
Query OK, 1 row affected (0.06 sec)&lt;/p&gt;

&lt;p&gt;mysql&amp;gt; INSERT INTO T_Customers(Id,Name,Age)
    -&amp;gt; VALUES(3,&amp;lsquo;JACK&amp;rsquo;,30);
Query OK, 1 row affected (0.09 sec)&lt;/p&gt;

&lt;p&gt;mysql&amp;gt; INSERT INTO T_Customers(Id,Name,Age)
    -&amp;gt; VALUES(4,&amp;lsquo;TOM&amp;rsquo;,25);
Query OK, 1 row affected (0.03 sec)&lt;/p&gt;

&lt;p&gt;mysql&amp;gt; INSERT INTO T_Customers(Id,Name,Age)
    -&amp;gt; VALUES(5,&amp;lsquo;LINDA&amp;rsquo;,30);
Query OK, 1 row affected (0.08 sec)&lt;/p&gt;

&lt;pre&gt;&lt;code&gt;æ˜¾ç¤ºè¡¨æ ¼ç»“æ„:
&lt;/code&gt;&lt;/pre&gt;

&lt;p&gt;mysql
mysql&amp;gt; desc T_customers;
+&amp;mdash;&amp;mdash;-+&amp;mdash;&amp;mdash;&amp;mdash;&amp;mdash;-+&amp;mdash;&amp;mdash;+&amp;mdash;&amp;ndash;+&amp;mdash;&amp;mdash;&amp;mdash;+&amp;mdash;&amp;mdash;&amp;mdash;&amp;mdash;&amp;mdash;-+
| Field | Type        | Null | Key | Default | Extra          |
+&amp;mdash;&amp;mdash;-+&amp;mdash;&amp;mdash;&amp;mdash;&amp;mdash;-+&amp;mdash;&amp;mdash;+&amp;mdash;&amp;ndash;+&amp;mdash;&amp;mdash;&amp;mdash;+&amp;mdash;&amp;mdash;&amp;mdash;&amp;mdash;&amp;mdash;-+
| Id    | int(4)      | NO   | PRI | NULL    | auto_increment |
| Name  | varchar(20) | NO   |     |         |                |
| Age   | tinyint(4)  | YES  |     | 0       |                |
+&amp;mdash;&amp;mdash;-+&amp;mdash;&amp;mdash;&amp;mdash;&amp;mdash;-+&amp;mdash;&amp;mdash;+&amp;mdash;&amp;ndash;+&amp;mdash;&amp;mdash;&amp;mdash;+&amp;mdash;&amp;mdash;&amp;mdash;&amp;mdash;&amp;mdash;-+
3 rows in set (0.00 sec)&lt;/p&gt;

&lt;pre&gt;&lt;code&gt;æ˜¾ç¤ºè¡¨æ•°æ®ï¼š
&lt;/code&gt;&lt;/pre&gt;

&lt;p&gt;mysql
mysql&amp;gt; select * from T_customers;
+&amp;mdash;-+&amp;mdash;&amp;mdash;-+&amp;mdash;&amp;mdash;+
| Id | Name  | Age  |
+&amp;mdash;-+&amp;mdash;&amp;mdash;-+&amp;mdash;&amp;mdash;+
|  1 | TOM   |   21 |
|  2 | MIKE  |   24 |
|  3 | JACK  |   30 |
|  4 | TOM   |   25 |
|  5 | LINDA |   30 |
+&amp;mdash;-+&amp;mdash;&amp;mdash;-+&amp;mdash;&amp;mdash;+
5 rows in set (0.00 sec)&lt;/p&gt;

&lt;pre&gt;&lt;code&gt;
æ–°å»ºç¬¬äºŒå¼ è¡¨ï¼šT_OrderType
è®¾è®¡IDå’ŒT_Customersä¸€æ ·ï¼ŒNameä¸ºè®¢å•ç±»å‹åå­—ï¼Œvarcharï¼ˆ30ï¼‰ä¸”éç©º
&lt;/code&gt;&lt;/pre&gt;

&lt;p&gt;mysql
mysql&amp;gt; create table T_OrderType(
    -&amp;gt; Id int auto_increment primary key,
    -&amp;gt; Name varchar(30) not null default &amp;ldquo;);
Query OK, 0 rows affected (0.35 sec)&lt;/p&gt;

&lt;p&gt;mysql&amp;gt; desc T_OrderType;
+&amp;mdash;&amp;mdash;-+&amp;mdash;&amp;mdash;&amp;mdash;&amp;mdash;-+&amp;mdash;&amp;mdash;+&amp;mdash;&amp;ndash;+&amp;mdash;&amp;mdash;&amp;mdash;+&amp;mdash;&amp;mdash;&amp;mdash;&amp;mdash;&amp;mdash;-+
| Field | Type        | Null | Key | Default | Extra          |
+&amp;mdash;&amp;mdash;-+&amp;mdash;&amp;mdash;&amp;mdash;&amp;mdash;-+&amp;mdash;&amp;mdash;+&amp;mdash;&amp;ndash;+&amp;mdash;&amp;mdash;&amp;mdash;+&amp;mdash;&amp;mdash;&amp;mdash;&amp;mdash;&amp;mdash;-+
| Id    | int(11)     | NO   | PRI | NULL    | auto_increment |
| Name  | varchar(30) | NO   |     |         |                |
+&amp;mdash;&amp;mdash;-+&amp;mdash;&amp;mdash;&amp;mdash;&amp;mdash;-+&amp;mdash;&amp;mdash;+&amp;mdash;&amp;ndash;+&amp;mdash;&amp;mdash;&amp;mdash;+&amp;mdash;&amp;mdash;&amp;mdash;&amp;mdash;&amp;mdash;-+
2 rows in set (0.00 sec)&lt;/p&gt;

&lt;pre&gt;&lt;code&gt;
å¹¶æ’å…¥è¡¨æ•°æ®ï¼š
ä¸å°å¿ƒæ£€é”™è¡¨åå­—äº† ï¼Œè¿›è¡Œä¿®æ”¹

&lt;/code&gt;&lt;/pre&gt;

&lt;p&gt;mysql
mysql&amp;gt; rename table T_OrderType to T_OrderTypes;
Query OK, 0 rows affected (0.19 sec)
å¤åˆ¶ä»£ç &lt;/p&gt;

&lt;p&gt;mysql&amp;gt; INSERT INTO T_OrderTypes(Id,Name)
    -&amp;gt; VALUES(1,&amp;lsquo;ç°è´§è®¢å•&amp;rsquo;);
Query OK, 1 row affected (0.12 sec)&lt;/p&gt;

&lt;p&gt;mysql&amp;gt; INSERT INTO T_OrderTypes(Id,Name)
    -&amp;gt; VALUES(2,&amp;lsquo;é¢„è®¢è®¢å•&amp;rsquo;);
Query OK, 1 row affected (0.03 sec)&lt;/p&gt;

&lt;p&gt;mysql&amp;gt; INSERT INTO T_OrderTypes(Id,Name)
    -&amp;gt; VALUES(3,&amp;lsquo;é¢„è´­è®¢å•&amp;rsquo;);
Query OK, 1 row affected (0.09 sec)&lt;/p&gt;

&lt;p&gt;mysql&amp;gt; INSERT INTO T_OrderTypes(Id,Name)
    -&amp;gt; VALUES(4,&amp;lsquo;å†…éƒ¨&amp;rsquo;);
Query OK, 1 row affected (0.09 sec)&lt;/p&gt;

&lt;pre&gt;&lt;code&gt;æ˜¾ç¤ºè®¢å•ç±»å‹è¡¨ç»“æ„ä¿¡æ¯

&lt;/code&gt;&lt;/pre&gt;

&lt;p&gt;mysql
mysql&amp;gt; desc T_OrderTypes;
+&amp;mdash;&amp;mdash;-+&amp;mdash;&amp;mdash;&amp;mdash;&amp;mdash;-+&amp;mdash;&amp;mdash;+&amp;mdash;&amp;ndash;+&amp;mdash;&amp;mdash;&amp;mdash;+&amp;mdash;&amp;mdash;&amp;mdash;&amp;mdash;&amp;mdash;-+
| Field | Type        | Null | Key | Default | Extra          |
+&amp;mdash;&amp;mdash;-+&amp;mdash;&amp;mdash;&amp;mdash;&amp;mdash;-+&amp;mdash;&amp;mdash;+&amp;mdash;&amp;ndash;+&amp;mdash;&amp;mdash;&amp;mdash;+&amp;mdash;&amp;mdash;&amp;mdash;&amp;mdash;&amp;mdash;-+
| Id    | int(11)     | NO   | PRI | NULL    | auto_increment |
| Name  | varchar(30) | NO   |     |         |                |
+&amp;mdash;&amp;mdash;-+&amp;mdash;&amp;mdash;&amp;mdash;&amp;mdash;-+&amp;mdash;&amp;mdash;+&amp;mdash;&amp;ndash;+&amp;mdash;&amp;mdash;&amp;mdash;+&amp;mdash;&amp;mdash;&amp;mdash;&amp;mdash;&amp;mdash;-+
2 rows in set (0.01 sec)&lt;/p&gt;

&lt;pre&gt;&lt;code&gt;æ˜¾ç¤ºå…¶ä¸­çš„æ•°æ®ï¼š

&lt;/code&gt;&lt;/pre&gt;

&lt;p&gt;mysql
mysql&amp;gt; select * from T_OrderTypes;
+&amp;mdash;-+&amp;mdash;&amp;mdash;&amp;mdash;-+
| Id | Name     |
+&amp;mdash;-+&amp;mdash;&amp;mdash;&amp;mdash;-+
|  1 | ç°è´§è®¢å• |
|  2 | é¢„è®¢è®¢å• |
|  3 | é¢„è´­è®¢å• |
|  4 | å†…éƒ¨     |
+&amp;mdash;-+&amp;mdash;&amp;mdash;&amp;mdash;-+
4 rows in set (0.00 sec)&lt;/p&gt;

&lt;pre&gt;&lt;code&gt;

æ–°å»ºç¬¬ä¸‰å¼  æœ€é‡è¦çš„è¡¨ï¼æ¶‰åŠåˆ°ä¸€ä¸ªå…³é”®çš„æ–°çš„çŸ¥è¯†ç‚¹ï¼Œå¤–é”®çš„åˆ›å»º
è®¾è®¡äº†äº”ä¸ªå‚æ•°
ID                 è®¢å•ID  è®¾è®¡å’Œå…¶ä»–ä¸¤å¼ è¡¨ç±»å‹ä¸€è‡´
Number       è®¢å•ç¼–å· è®¾è®¡ä¸ºvarcharï¼ˆ20ï¼‰ not null
Price             è®¾è®¡ä¸º intç±»å‹
CustomerId  å¤–é”®1   ä¸ºT_Customersçš„å¤–é”®
TypeId           å¤–é”®2  ä¸ºT_OrderTypesçš„å¤–é”®
å‚è€ƒæ­¤æ–‡
&lt;/code&gt;&lt;/pre&gt;

&lt;p&gt;mysql
mysql&amp;gt; create table T_Orders(
    -&amp;gt; Id int auto_increment primary key,
    -&amp;gt; Number varchar(20) not null default &amp;ldquo;,
    -&amp;gt; Price int not null default 0,
    -&amp;gt; CustomerId int, foreign key(CustomerId) references T_customers(Id) on del
ete restrict on update cascade,
    -&amp;gt; TypeId int, foreign key(TypeId) references T_OrderTypes(Id) on delete res
trict on update cascade);
Query OK, 0 rows affected (0.46 sec)&lt;/p&gt;

&lt;p&gt;mysql&amp;gt;&lt;/p&gt;

&lt;pre&gt;&lt;code&gt;æ˜¾ç¤ºè¡¨ç»“æ„

&lt;/code&gt;&lt;/pre&gt;

&lt;p&gt;mysql
mysql&amp;gt; desc T_Orders;
+&amp;mdash;&amp;mdash;&amp;mdash;&amp;mdash;+&amp;mdash;&amp;mdash;&amp;mdash;&amp;mdash;-+&amp;mdash;&amp;mdash;+&amp;mdash;&amp;ndash;+&amp;mdash;&amp;mdash;&amp;mdash;+&amp;mdash;&amp;mdash;&amp;mdash;&amp;mdash;&amp;mdash;-+
| Field      | Type        | Null | Key | Default | Extra          |
+&amp;mdash;&amp;mdash;&amp;mdash;&amp;mdash;+&amp;mdash;&amp;mdash;&amp;mdash;&amp;mdash;-+&amp;mdash;&amp;mdash;+&amp;mdash;&amp;ndash;+&amp;mdash;&amp;mdash;&amp;mdash;+&amp;mdash;&amp;mdash;&amp;mdash;&amp;mdash;&amp;mdash;-+
| Id         | int(11)     | NO   | PRI | NULL    | auto_increment |
| Number     | varchar(20) | NO   |     |         |                |
| Price      | int(11)     | NO   |     | 0       |                |
| CustomerId | int(11)     | YES  | MUL | NULL    |                |
| TypeId     | int(11)     | YES  | MUL | NULL    |                |
+&amp;mdash;&amp;mdash;&amp;mdash;&amp;mdash;+&amp;mdash;&amp;mdash;&amp;mdash;&amp;mdash;-+&amp;mdash;&amp;mdash;+&amp;mdash;&amp;ndash;+&amp;mdash;&amp;mdash;&amp;mdash;+&amp;mdash;&amp;mdash;&amp;mdash;&amp;mdash;&amp;mdash;-+
5 rows in set (0.03 sec)&lt;/p&gt;

&lt;pre&gt;&lt;code&gt;å¦å¤–ä¸€ç§æ›´åŠ æ¸…æ™°åœ°æ˜¾ç¤ºè¡¨ç»“æ„ï¼š

&lt;/code&gt;&lt;/pre&gt;

&lt;p&gt;mysql
mysql&amp;gt; show create table T_Orders\G;
*************************** 1. row ***************************
       Table: T_Orders
Create Table: CREATE TABLE &lt;code&gt;t_orders&lt;/code&gt; (
  &lt;code&gt;Id&lt;/code&gt; int(11) NOT NULL AUTO_INCREMENT,
  &lt;code&gt;Number&lt;/code&gt; varchar(20) NOT NULL DEFAULT &amp;ldquo;,
  &lt;code&gt;Price&lt;/code&gt; int(11) NOT NULL DEFAULT &amp;lsquo;0&amp;rsquo;,
  &lt;code&gt;CustomerId&lt;/code&gt; int(11) DEFAULT NULL,
  &lt;code&gt;TypeId&lt;/code&gt; int(11) DEFAULT NULL,
  PRIMARY KEY (&lt;code&gt;Id&lt;/code&gt;),
  KEY &lt;code&gt;CustomerId&lt;/code&gt; (&lt;code&gt;CustomerId&lt;/code&gt;),
  KEY &lt;code&gt;TypeId&lt;/code&gt; (&lt;code&gt;TypeId&lt;/code&gt;),
  CONSTRAINT &lt;code&gt;t_orders_ibfk_1&lt;/code&gt; FOREIGN KEY (&lt;code&gt;CustomerId&lt;/code&gt;) REFERENCES &lt;code&gt;t_customer
s&lt;/code&gt; (&lt;code&gt;Id&lt;/code&gt;) ON UPDATE CASCADE,
  CONSTRAINT &lt;code&gt;t_orders_ibfk_2&lt;/code&gt; FOREIGN KEY (&lt;code&gt;TypeId&lt;/code&gt;) REFERENCES &lt;code&gt;t_ordertypes&lt;/code&gt;
(&lt;code&gt;Id&lt;/code&gt;) ON UPDATE CASCADE
) ENGINE=InnoDB DEFAULT CHARSET=utf8
1 row in set (0.00 sec)&lt;/p&gt;

&lt;pre&gt;&lt;code&gt;å¯ä»¥è§åˆ° CONSTRAINTçš„æ ‡å¿—ï¼Œå¦‚å¤šå®šä¹‰æ²¡æœ‰æŒ‡å®šCONSTRAINT å¤–é”®ç¬¦å·æ—¶ï¼Œmysqlä¼šè‡ªåŠ¨åˆ›å»ºä¸€ä¸ªï¼Œæ¯”å¦‚t_orders_ibfk_1ï¼Œå°±æ˜¯å¤–é”®ç¬¦å·ï¼Œ
å¯ä»¥é€šè¿‡

&lt;/code&gt;&lt;/pre&gt;

&lt;p&gt;mysql
ALTER TABLE T_Orders DROP FOREIGN KEY &lt;code&gt;t_orders_ibfk_1&lt;/code&gt;æ¥åˆ é™¤å¤–é”®
mysql&amp;gt; alter table T_orders drop foreign key t_orders_ibfk_1;
Query OK, 0 rows affected (0.25 sec)
Records: 0  Duplicates: 0  Warnings: 0&lt;/p&gt;

&lt;pre&gt;&lt;code&gt;å†æ¬¡æ˜¾ç¤ºè¡¨ç»“æ„ä¿¡æ¯ï¼š
&lt;/code&gt;&lt;/pre&gt;

&lt;p&gt;mysql
mysql&amp;gt; show create table T_orders\G;
*************************** 1. row ***************************
       Table: T_orders
Create Table: CREATE TABLE &lt;code&gt;t_orders&lt;/code&gt; (
  &lt;code&gt;Id&lt;/code&gt; int(11) NOT NULL AUTO_INCREMENT,
  &lt;code&gt;Number&lt;/code&gt; varchar(20) NOT NULL DEFAULT &amp;ldquo;,
  &lt;code&gt;Price&lt;/code&gt; int(11) NOT NULL DEFAULT &amp;lsquo;0&amp;rsquo;,
  &lt;code&gt;CustomerId&lt;/code&gt; int(11) DEFAULT NULL,
  &lt;code&gt;TypeId&lt;/code&gt; int(11) DEFAULT NULL,
  PRIMARY KEY (&lt;code&gt;Id&lt;/code&gt;),
  KEY &lt;code&gt;CustomerId&lt;/code&gt; (&lt;code&gt;CustomerId&lt;/code&gt;),
  KEY &lt;code&gt;TypeId&lt;/code&gt; (&lt;code&gt;TypeId&lt;/code&gt;),
  CONSTRAINT &lt;code&gt;t_orders_ibfk_2&lt;/code&gt; FOREIGN KEY (&lt;code&gt;TypeId&lt;/code&gt;) REFERENCES &lt;code&gt;t_ordertypes&lt;/code&gt;
(&lt;code&gt;Id&lt;/code&gt;) ON UPDATE CASCADE
) ENGINE=InnoDB DEFAULT CHARSET=utf8
1 row in set (0.00 sec)&lt;/p&gt;

&lt;p&gt;ERROR:
No query specified&lt;/p&gt;

&lt;pre&gt;&lt;code&gt;å°‘äº†t_orders_ibfk_2
é‚£ä¹ˆå¦‚ä½•å†æ¬¡æ·»åŠ å‘¢ï¼Ÿ
å‚è€ƒæ­¤æ–‡
&lt;/code&gt;&lt;/pre&gt;

&lt;p&gt;mysql
mysql&amp;gt; alter table T_orders add  foreign key hello(CustomerId) references T_cust
omers(Id);
Query OK, 0 rows affected (0.74 sec)
Records: 0  Duplicates: 0  Warnings: 0&lt;/p&gt;

&lt;pre&gt;&lt;code&gt;å†æ¬¡æŸ¥çœ‹è¡¨ç»“æ„ä¿¡æ¯ï¼š

&lt;/code&gt;&lt;/pre&gt;

&lt;p&gt;mysql
mysql&amp;gt; show create table T_orders\G;
*************************** 1. row ***************************
       Table: T_orders
Create Table: CREATE TABLE &lt;code&gt;t_orders&lt;/code&gt; (
  &lt;code&gt;Id&lt;/code&gt; int(11) NOT NULL AUTO_INCREMENT,
  &lt;code&gt;Number&lt;/code&gt; varchar(20) NOT NULL DEFAULT &amp;ldquo;,
  &lt;code&gt;Price&lt;/code&gt; int(11) NOT NULL DEFAULT &amp;lsquo;0&amp;rsquo;,
  &lt;code&gt;CustomerId&lt;/code&gt; int(11) DEFAULT NULL,
  &lt;code&gt;TypeId&lt;/code&gt; int(11) DEFAULT NULL,
  PRIMARY KEY (&lt;code&gt;Id&lt;/code&gt;),
  KEY &lt;code&gt;TypeId&lt;/code&gt; (&lt;code&gt;TypeId&lt;/code&gt;),
  KEY &lt;code&gt;hello&lt;/code&gt; (&lt;code&gt;CustomerId&lt;/code&gt;),
  CONSTRAINT &lt;code&gt;t_orders_ibfk_2&lt;/code&gt; FOREIGN KEY (&lt;code&gt;TypeId&lt;/code&gt;) REFERENCES &lt;code&gt;t_ordertypes&lt;/code&gt;
(&lt;code&gt;Id&lt;/code&gt;) ON UPDATE CASCADE,
  CONSTRAINT &lt;code&gt;t_orders_ibfk_3&lt;/code&gt; FOREIGN KEY (&lt;code&gt;CustomerId&lt;/code&gt;) REFERENCES &lt;code&gt;t_customer
s&lt;/code&gt; (&lt;code&gt;Id&lt;/code&gt;)
) ENGINE=InnoDB DEFAULT CHARSET=utf8
1 row in set (0.00 sec)&lt;/p&gt;

&lt;pre&gt;&lt;code&gt;å¯ä»¥çœ‹åˆ°åˆå¢åŠ äº†ï¼
æ’å…¥è¡¨ç»“æ„ä¿¡æ¯
&lt;/code&gt;&lt;/pre&gt;

&lt;p&gt;mysql
mysql&amp;gt; INSERT INTO T_Orders(Id,Number,Price,CustomerId, TypeId)
    -&amp;gt; VALUES(1,&amp;lsquo;K001&amp;rsquo;,100,1,1);
Query OK, 1 row affected (0.06 sec)&lt;/p&gt;

&lt;p&gt;mysql&amp;gt; INSERT INTO T_Orders(Id,Number,Price,CustomerId, TypeId)
    -&amp;gt; VALUES(2,&amp;lsquo;K002&amp;rsquo;,200,1,1);
Query OK, 1 row affected (0.04 sec)&lt;/p&gt;

&lt;p&gt;mysql&amp;gt; INSERT INTO T_Orders(Id,Number,Price,CustomerId, TypeId)
    -&amp;gt; VALUES(3,&amp;lsquo;T003&amp;rsquo;,300,1,2);
Query OK, 1 row affected (0.08 sec)&lt;/p&gt;

&lt;p&gt;mysql&amp;gt; INSERT INTO T_Orders(Id,Number,Price,CustomerId, TypeId)
    -&amp;gt; VALUES(4,&amp;lsquo;N002&amp;rsquo;,100,2,2);
Query OK, 1 row affected (0.04 sec)&lt;/p&gt;

&lt;p&gt;mysql&amp;gt; INSERT INTO T_Orders(Id,Number,Price,CustomerId, TypeId)
    -&amp;gt; VALUES(5,&amp;lsquo;N003&amp;rsquo;,500,3,4);
Query OK, 1 row affected (0.04 sec)&lt;/p&gt;

&lt;p&gt;mysql&amp;gt; INSERT INTO T_Orders(Id,Number,Price,CustomerId, TypeId)
    -&amp;gt; VALUES(6,&amp;lsquo;T001&amp;rsquo;,300,4,3);
Query OK, 1 row affected (0.04 sec)&lt;/p&gt;

&lt;p&gt;mysql&amp;gt; INSERT INTO T_Orders(Id,Number,Price,CustomerId, TypeId)
    -&amp;gt; VALUES(7,&amp;lsquo;T002&amp;rsquo;,100,1,1);
Query OK, 1 row affected (0.05 sec)&lt;/p&gt;

&lt;pre&gt;&lt;code&gt;
äºæ˜¯æˆ‘ä»¬å¯ä»¥å¼€å§‹è¿›è¡Œè”åˆæŸ¥è¯¢äº†ï¼š
1ã€æŸ¥è¯¢æ¯å¼ è®¢å•çš„è®¢å•å·ã€ä»·æ ¼ã€å¯¹åº”çš„å®¢æˆ·å§“åä»¥åŠå®¢æˆ·å¹´é¾„

&lt;/code&gt;&lt;/pre&gt;

&lt;p&gt;mysql
mysql&amp;gt; select o.Number,o.Price,c.Name,c.Age
    -&amp;gt; From T_Orders o
    -&amp;gt; Left join T_Customers c
    -&amp;gt; On o.CustomerId=c.Id;
+&amp;mdash;&amp;mdash;&amp;ndash;+&amp;mdash;&amp;mdash;-+&amp;mdash;&amp;mdash;+&amp;mdash;&amp;mdash;+
| Number | Price | Name | Age  |
+&amp;mdash;&amp;mdash;&amp;ndash;+&amp;mdash;&amp;mdash;-+&amp;mdash;&amp;mdash;+&amp;mdash;&amp;mdash;+
| K001   |   100 | TOM  |   21 |
| K002   |   200 | TOM  |   21 |
| T003   |   300 | TOM  |   21 |
| T002   |   100 | TOM  |   21 |
| N002   |   100 | MIKE |   24 |
| N003   |   500 | JACK |   30 |
| T001   |   300 | TOM  |   25 |
+&amp;mdash;&amp;mdash;&amp;ndash;+&amp;mdash;&amp;mdash;-+&amp;mdash;&amp;mdash;+&amp;mdash;&amp;mdash;+
7 rows in set (0.08 sec)&lt;/p&gt;

&lt;pre&gt;&lt;code&gt;2ã€æ·»åŠ whereè¯­å¥(æ˜¾ç¤ºä»·æ ¼&amp;gt;=150å…ƒçš„è®¢å•)

&lt;/code&gt;&lt;/pre&gt;

&lt;p&gt;mysql
mysql&amp;gt; select o.Number,o.Price,o.CustomerId,c.Name,c.Age
    -&amp;gt; from t_orders o
    -&amp;gt; left join t_customers c on o.CustomerId = c.Id
    -&amp;gt; where o.price &amp;gt;=150;
+&amp;mdash;&amp;mdash;&amp;ndash;+&amp;mdash;&amp;mdash;-+&amp;mdash;&amp;mdash;&amp;mdash;&amp;mdash;+&amp;mdash;&amp;mdash;+&amp;mdash;&amp;mdash;+
| Number | Price | CustomerId | Name | Age  |
+&amp;mdash;&amp;mdash;&amp;ndash;+&amp;mdash;&amp;mdash;-+&amp;mdash;&amp;mdash;&amp;mdash;&amp;mdash;+&amp;mdash;&amp;mdash;+&amp;mdash;&amp;mdash;+
| K002   |   200 |          1 | TOM  |   21 |
| T003   |   300 |          1 | TOM  |   21 |
| N003   |   500 |          3 | JACK |   30 |
| T001   |   300 |          4 | TOM  |   25 |
+&amp;mdash;&amp;mdash;&amp;ndash;+&amp;mdash;&amp;mdash;-+&amp;mdash;&amp;mdash;&amp;mdash;&amp;mdash;+&amp;mdash;&amp;mdash;+&amp;mdash;&amp;mdash;+
4 rows in set (0.06 sec)&lt;/p&gt;

&lt;pre&gt;&lt;code&gt;3ã€å¤šè¡¨joinè¿æ¥æŸ¥è¯¢

&lt;/code&gt;&lt;/pre&gt;

&lt;p&gt;mysql
mysql&amp;gt; select o.Number è®¢å•å· ,o.Price ä»·æ ¼,c.Name å®¢æˆ·å§“å,c.Age å®¢æˆ·å¹´
    -&amp;gt; t.Name è®¢å•ç±»å‹ from t_orders o
    -&amp;gt; left join T_customers c on o.customerId=c.Id
    -&amp;gt; left join T_OrderTypes t on o.TypeId=t.Id;
+&amp;mdash;&amp;mdash;&amp;ndash;+&amp;mdash;&amp;mdash;+&amp;mdash;&amp;mdash;&amp;mdash;-+&amp;mdash;&amp;mdash;&amp;mdash;-+&amp;mdash;&amp;mdash;&amp;mdash;-+
| è®¢å•å· | ä»·æ ¼ | å®¢æˆ·å§“å | å®¢æˆ·å¹´é¾„ | è®¢å•ç±»å‹ |
+&amp;mdash;&amp;mdash;&amp;ndash;+&amp;mdash;&amp;mdash;+&amp;mdash;&amp;mdash;&amp;mdash;-+&amp;mdash;&amp;mdash;&amp;mdash;-+&amp;mdash;&amp;mdash;&amp;mdash;-+
| K001   |  100 | TOM      |       21 | ç°è´§è®¢å• |
| K002   |  200 | TOM      |       21 | ç°è´§è®¢å• |
| T003   |  300 | TOM      |       21 | é¢„è®¢è®¢å• |
| T002   |  100 | TOM      |       21 | ç°è´§è®¢å• |
| N002   |  100 | MIKE     |       24 | é¢„è®¢è®¢å• |
| N003   |  500 | JACK     |       30 | å†…éƒ¨     |
| T001   |  300 | TOM      |       25 | é¢„è´­è®¢å• |
+&amp;mdash;&amp;mdash;&amp;ndash;+&amp;mdash;&amp;mdash;+&amp;mdash;&amp;mdash;&amp;mdash;-+&amp;mdash;&amp;mdash;&amp;mdash;-+&amp;mdash;&amp;mdash;&amp;mdash;-+
7 rows in set (0.12 sec)&lt;/p&gt;

&lt;pre&gt;&lt;code&gt;

ç”±æ­¤å¯è§ å¤šè¡¨æŸ¥è¯¢çš„é­…åŠ›ï¼ï¼ï¼ã€‚

9.å¤–é”®çº¦æŸ

&lt;/code&gt;&lt;/pre&gt;

&lt;p&gt;mysql
create table T_Orders(
Id int auto_increment primary key,
Number varchar(20) not null default &amp;ldquo;,
Price int not null default 0,
CustomerId int, foreign key(CustomerId) references T_customers(Id) on del
ete restrict on update cascade,
TypeId int, foreign key(TypeId) references T_OrderTypes(Id) on delete res
trict on update cascade);
on delete restrict: ä¹Ÿå°±æ˜¯é™åˆ¶åˆ é™¤(å½“ä½ çš„å¤–é”®è¢«ä½¿ç”¨æ˜¯  ä¸€æ—¦è¢«å¼•ç”¨åˆ™ä¸è¢«åˆ é™¤ï¼Œé˜²æ­¢äº§ç”Ÿæ•°æ®ç´Šä¹±ï¼‰
on update cascadeï¼ˆå½“æ›´æ–°æ—¶å€™ï¼Œç´¢å¼•ä¹Ÿç›¸åº”çš„è¿›è¡Œæ›´æ–°ï¼‰&lt;/p&gt;

&lt;p&gt;```&lt;/p&gt;

&lt;p&gt;å¾…å­¦ä¹ çš„çŸ¥è¯†ç‚¹ï¼š  è§¦å‘å™¨ï¼Œçº¦æŸï¼Œå­æŸ¥è¯¢ï¼Œå¼•æ“ï¼ˆå­˜å‚¨è¿‡ç¨‹ï¼‰ï¼Œé™¤äº†left joinçš„å…¶ä»–join ã€‚ã€‚ã€‚&lt;/p&gt;

&lt;p&gt;è¡¥å……ï¼ˆæ¥è‡ªå¦‚é¹ï¼‰ï¼š1SQLè¯­å¥ä¸­å­—ç¬¦ä¸²ä¸€èˆ¬ç”¨å•å¼•å·ã€‚
2ç®€å•çš„æ’å…¥æ•°æ®çš„SQLè¯­å¥ï¼šINSERT INTO T_Persons(Id,Name,Age,Gender) VALUES(5,&amp;lsquo;Jim&amp;rsquo;,20,1)
Insertè¯­å¥å¯ä»¥çœç•¥è¡¨ååçš„åˆ—åï¼Œä½†æ˜¯å¼ºçƒˆä¸æ¨è
3.å¦‚æœæ’å…¥çš„è¡Œä¸­æœ‰äº›å­—æ®µçš„å€¼ä¸ç¡®å®šï¼Œé‚£ä¹ˆInsertçš„æ—¶å€™ä¸æŒ‡å®šé‚£äº›åˆ—å³å¯ã€‚ä¸â€œå…è®¸ä¸ºç©ºâ€çš„åˆ—åœ¨æ’å…¥æ—¶ä¸èƒ½çœç•¥
4ï¼Œè‡ªåŠ¨é€’å¢/è‡ªå¢(Auto Increment)ï¼šå­—æ®µè‡ªå¢å¯ä»¥é¿å…å¹¶å‘ç­‰é—®é¢˜ï¼Œä¸è¦ç¨‹åºå‘˜ä»£ç æ§åˆ¶è‡ªå¢ã€‚ç”¨è‡ªå¢å­—æ®µåœ¨Insertçš„æ—¶å€™ä¸ç”¨æŒ‡å®šå€¼ã€‚ä¿®æ”¹è¡¨ç»“æ„çš„æ–¹æ³•ã€è®¾è®¡è¡¨ã€‘&lt;/p&gt;

&lt;pre&gt;&lt;code&gt;1.MySQLçš„è¯­è¨€ä¸­æ²¡æœ‰topä¿®é¥°ï¼Œä¸è¿‡å¯ä»¥ä½¿ç”¨limitæ¥æ“ä½œã€‚
    2.MySQLå’ŒSQL Server å‡æ”¯æŒasã€‚aså¯ä»¥å‘½åä¸€ä¸ªåˆ—æˆ–è€…è¡¨ä¸ºå…¶ä»–åç§°ã€‚
    3.Distinctå¯ä»¥ç”¨æˆ·æ’é™¤é‡å¤ï¼Œè‹¥åœ¨Distinctåé¢ç”¨é€—å·åˆ†éš”äº†å¥½å‡ ä¸ªåˆ—ï¼Œé‚£è¡¨ç¤ºè¦å°†è¿™äº›åˆ—è”åˆèµ·æ¥å»é‡å¤ã€‚
    4.Order by åˆ—å asc/desc  å…¶ä¸­ascä¸ºé»˜è®¤çš„ä»å°åˆ°å¤§ï¼Œdescä¸ºä»å¤§å¤§å°ï¼Œå®é™…é¡¹ç›®ä¸­ï¼Œå¾ˆå¤šè¡¨çš„æ•°æ®æ˜¾ç¤ºéƒ½éœ€è¦ä»åé¢åˆ°å‰é¢ã€‚
    5.èšåˆå‡½æ•°åœ¨å„ä¸ªæ•°æ®åº“ä¸­å‡å—åˆ°æ”¯æŒã€‚AVGã€MAXã€SUMã€COUNTã€‚åŒä¸€ä¸ªè¯­å¥ä¸­ï¼Œå¤šä¸ªèšåˆå‡½æ•°å¯ä»¥ä¸€èµ·ä½¿ç”¨ã€‚
    6.èšåˆå‡½æ•°å¤šå’ŒGroup byä¸€èµ·ä½¿ç”¨ï¼Œå¦‚æœæ²¡æœ‰Group byé‚£ä¹ˆèšåˆçš„å°±æ˜¯æ•´ä¸ªè¡¨çš„æ‰€æœ‰æŒ‡å®šåˆ—çš„æ•°æ®ã€‚
    7.æ¨¡ç³ŠæŸ¥è¯¢ä¸æ˜¯ä½¿ç”¨= è€Œæ˜¯ä½¿ç”¨ likeç»“åˆç™¾åˆ†å· %
    8.ä½¿ç”¨countèšåˆå‡½æ•°å¯ä»¥æŸ¥æ‰¾ç¬¦åˆæ¡ä»¶çš„æŸä¸€åˆ—æ˜¯å¦å­˜åœ¨ã€‚
    9.åŸåˆ™âˆ¶å½“ä½¿ç”¨äº†åˆ†ç»„å‡½æ•°Group byåï¼Œselectåªèƒ½æ˜¯èšåˆå‡½æ•°æˆ–è€…Group byçš„åˆ—ã€‚è™½ç„¶MySQLä¸æŠ¥é”™ï¼Œä½†æ˜¯ä»ç„¶ä¸æ¨èè¿™ä¹ˆä½¿ç”¨ã€‚
    10.å¯¹äºç¬¬9ç‚¹ï¼Œè™½ç„¶select çš„åªèƒ½æ˜¯Group byçš„ä½†æ˜¯èšåˆå‡½æ•°ä»ç„¶å¯ä»¥èšåˆå…¶ä»–åˆ—ã€‚
    11.Havingå’ŒWhereåŒºåˆ«ï¼ŒHavingæ­é…Group byä½¿ç”¨ï¼Œæ˜¯å¯¹åˆ†ç»„åçš„æ•°æ®è¿›è¡Œç­›é€‰ã€‚è€ŒWhereæ˜¯åœ¨åˆ†ç»„å‰å°±è¡Œç­›é€‰ã€‚
    12.å½“å¤šè¡¨æŸ¥è¯¢çš„æ—¶å€™ï¼Œä¸æ¨èå•çº¯çš„ä½¿ç”¨*
    13.å¯¹äºå¤šè¡¨æŸ¥è¯¢ï¼Œä¸€å®šè¦æ³¨æ„ä½¿ç”¨åˆ«åã€‚
    14.Inner  Join å°±æ˜¯Joinã€‚
    15.All  Some Anyä¸­Someå’ŒAnyç­‰ä»·çš„ã€‚
    16.å¤šè¡¨æŸ¥è¯¢ä½¿ç”¨Onæ¥è¿æ¥ï¼Œå¤šä¸º=æ¥è¿æ¥ã€‚
    17.Joinå’ŒUnionåŒºåˆ«ï¼Œå¯ä»¥å½¢è±¡çš„è®°å¿†ä¸º Joinæ˜¯æ¨ªç€çš„è¿æ¥ï¼ŒUnionæ˜¯ä¸Šä¸‹ç«–ç€çš„è¿æ¥ã€‚
    18.Left Join æ˜¯ä¸€å®šæ˜¾ç¤ºå·¦è¾¹çš„ï¼Œæ²¡æ˜¾ç¤ºçš„ä½¿ç”¨nullæ¥è¡¥ä½ï¼ŒRight Joinæ˜¯å³è¾¹çš„è¡¨ä¸€å®šæ˜¾ç¤ºï¼Œå·¦è¾¹çš„è¡¨æŸåˆ—ä¸å­˜åœ¨ä½¿ç”¨Nullæ¥è¡¥ä½ã€‚
    19.å½“å­æŸ¥è¯¢çš„ç»“æœä¸æ˜¯ä¸€ä¸ªçš„æ—¶å€™ï¼Œä¸»æŸ¥è¯¢åˆåœ¨ä½¿ç”¨&amp;gt; &amp;lt; =è¡¨è¾¾å¼çš„æ—¶å€™ï¼ŒAll æ‰€æœ‰  Any/Someçš„ä½œç”¨å°±å‘æŒ¥äº†ã€‚
    20.ä»åŸç†ä¸Šæ¥è®²ï¼Œå¤šå¼ è¡¨è”åˆèµ·æ¥çš„æŸ¥è¯¢æ˜¯âˆ¶è‹¥A,Bä¸¤å¼ è¡¨ï¼ŒAè¡¨çš„ç¬¬ä¸€åˆ—ä¾æ¬¡æ‰«æBè¡¨çš„æ¯ä¸€åˆ—ï¼Œæå–ç¬¦å·æ¡ä»¶çš„ã€‚ç±»ä¼¼2ä¸ªåµŒå¥—çš„forå¾ªç¯é‚£æ ·ã€‚
    21.å½“å­æŸ¥è¯¢çš„ç»“æœä¸æ˜¯1åˆ—çš„æ—¶å€™ï¼Œæ˜¯ä¸èƒ½ä½¿ç”¨ &amp;gt; =&amp;lt; è¿™äº›è¿ç®—ç¬¦çš„ã€‚
    22.ä½¿ç”¨Unionï¼ŒIntersectï¼ŒExceptè¿ç®—ç¬¦çš„æ—¶å€™ï¼Œç›®æ ‡åˆ—è¡¨éœ€è¦æœ‰ç›¸åŒçš„æ•°ç›®ã€‚
    23.èšåˆå‡½æ•°ä¸€èˆ¬æ­é…åˆ†ç»„å‡½æ•°ä¸€èµ·ä½¿ç”¨ï¼Œè‹¥ä¸åˆ†ç»„ï¼Œé‚£ä¹ˆå°±æŒ‰ç…§whereçš„æ¥ï¼Œå¦‚æœwhereæ²¡æœ‰å°±æ˜¯æ‰€æœ‰çš„åˆ—ã€‚
    24.åœ¨ä½¿ç”¨inçš„è¯­å¥ä¸­ï¼Œä¸€èˆ¬éƒ½æ˜¯å¯ä»¥ä½¿ç”¨Existsï¼Œä¸”Exitsä¼šèµ°ç´¢æ€§ç›¸å¯¹æ¥è¯´å¿«ç‚¹ï¼Œä½†æ˜¯ä¸ä¸€å®šã€‚ç»ƒä¹ çš„æ—¶å€™ï¼Œ2ä¸ªéƒ½è¦å†™å‡ºæ¥ã€‚
    25.å½“Exits Where çš„æ—¶å€™ï¼Œè¯¥SQLè¯­å¥è¿è¡Œé¡ºåºæ˜¯è¿™æ ·çš„âˆ¶å…ˆè¿è¡ŒExitså‰é¢çš„ï¼Œç„¶åå°†æ¯ä¸€åˆ—å¸¦å…¥whereä¸­è¿›è¡ŒæŸ¥è¯¢åŒ¹é…ï¼Œå¦‚æœæ‰¾åˆ°äº†å°±è¾“å‡ºè¿™ä¸€åˆ—ã€‚åä¹‹ä¸è¾“å‡ºã€‚
    26.Exitså‡½æ•°çš„è¿”å›åªæ˜¯trueæˆ–è€…fanlseã€‚
    27.likeæˆ–è€…not likeåˆ©ç”¨ %è¿›è¡Œæ¨¡ç³ŠæŸ¥è¯¢ã€‚
    28.é€—å·è¿æ¥çš„2ä¸ªâˆ¶  from Aï¼ŒB   |||   order by a asc, b desc
    29.èšåˆå‡½æ•°ä¸åº”è¯¥å‡ºç°åœ¨Whereä¸­ï¼Œå¦‚æœWhereè¦å‡ºç°ï¼Œé‚£ä¹ˆå°†å…¶å•ç‹¬ææˆå­æŸ¥è¯¢çš„æ¨¡å¼ã€‚
&lt;/code&gt;&lt;/pre&gt;</description>
    </item>
    
    <item>
      <title>2æœˆ14æ—¥Javaç­mysql</title>
      <link>https://jueqingsizhe66.github.io/blog/2015/05/11/2yue-14ri-javaban-mysql/</link>
      <pubDate>Mon, 11 May 2015 14:58:41 +0800</pubDate>
      <guid>https://jueqingsizhe66.github.io/blog/2015/05/11/2yue-14ri-javaban-mysql/</guid>
      <description>&lt;p&gt;ç¬¬ä¸€éƒ¨åˆ† ç¬”è®°&lt;/p&gt;

&lt;p&gt;1ï¼šå…³äºäº‹åŠ¡åœ¨å‘½ä»¤çª—å£çš„ç»ƒä¹ ï¼š
äº‹åŠ¡  å°±æ˜¯ä¸€è¿ä¸²å‘½ä»¤çš„é›†åˆï¼Œåªè¦è¿™éƒ¨å‘½ä»¤éƒ½æ‰§è¡Œå®Œæ¯•ï¼Œæ‰èƒ½æ›´æ–°åˆ°æ•°æ®åº“ä¸­ï¼Œå¦åˆ™é€€å‡ºï¼ï¼å³ä½¿æœ‰ä¸€è¡Œæ¯”å¦‚ null.length()çš„å­˜åœ¨ç©ºæŒ‡é’ˆï¼Œåˆ™ä¸æˆåŠŸã€‚
ä¸€æ—¦æ‰§è¡Œå¤±è´¥åˆ™å›æ»šã€‚&lt;/p&gt;

&lt;pre&gt;&lt;code class=&#34;language-mysql&#34;&gt;mysql&amp;gt; begin;
Query OK, 0 rows affected (0.00 sec)

mysql&amp;gt; update t_person set age=age+1 where Name=&#39;yezhao&#39;;
Query OK, 2 rows affected (0.35 sec)
Rows matched: 2  Changed: 2  Warnings: 0

mysql&amp;gt; select * from t_person where Name=&#39;yezhao&#39;;
+----+--------+-----+--------+
| Id | Name   | Age | Gender |
+----+--------+-----+--------+
|  1 | yezhao |  25 |      1 |
|  7 | yezhao |  26 |      1 |
+----+--------+-----+--------+
2 rows in set (0.02 sec)
&lt;/code&gt;&lt;/pre&gt;

&lt;p&gt;ç„¶è€Œåœ¨navicatçš„æ˜¾ç¤ºç»“æœæ˜¯ä¹‹å‰çš„ä¿¡æ¯  ä¹Ÿå°±æ˜¯  24  25ï¼Œå½“åœ¨cmdçª—å£æ‰§è¡Œå®Œcommitä¹‹åï¼š&lt;/p&gt;

&lt;pre&gt;&lt;code class=&#34;language-mysql&#34;&gt;mysql&amp;gt; commit;
Query OK, 0 rows affected (0.11 sec)

mysql&amp;gt; select * from t_person where Name=&#39;yezhao&#39;;
+----+--------+-----+--------+
| Id | Name   | Age | Gender |
+----+--------+-----+--------+
|  1 | yezhao |  25 |      1 |
|  7 | yezhao |  26 |      1 |
+----+--------+-----+--------+
2 rows in set (0.00 sec)
&lt;/code&gt;&lt;/pre&gt;

&lt;p&gt;navicatä¹Ÿä¼šå‘ç”Ÿç›¸åº”çš„å˜åŒ–ï¼š
1        yezhao        25        1
7        yezhao        26        1&lt;/p&gt;

&lt;p&gt;javaçš„conn.setAutoCommit(false);//ç›¸å½“äºbeginçš„ä½œç”¨
æ‰€ä»¥ï¼šåªæœ‰commitä¹‹åmysqlä¿¡æ¯æ‰ä¼šåœ¨ä¸åŒçš„å®¢æˆ·ç«¯åŒæ­¥ï¼Œç°åœ¨å°è¯•åœ¨javaä¸­çš„ä½¿ç”¨ï¼Œå·²åœ¨ç»ƒä¹ éƒ¨åˆ†ç»™å‡ºï¼Œ&lt;/p&gt;

&lt;p&gt;2.åœ¨æ²¡æœ‰æ‰¹é‡å¯¼å…¥æ•°æ®ä¹‹å‰ï¼Œä¸€èˆ¬æ˜¯éœ€è¦èŠ±è´¹å¾ˆé•¿çš„æ—¶é—´ï¼Œç°åœ¨é‡‡ç”¨addbatchè¿›è¡Œã€‚
ps.clearParameters()çš„ä½œç”¨æ˜¯æ¸…ç©ºä¸Šä¸€æ¬¡æ•°æ®çš„å€¼ï¼Œä¸å½±å“åˆ°ä¸‹ä¸€æ¬¡&lt;/p&gt;

&lt;p&gt;è€Œä¸€èˆ¬æ•°æ®é‡å¤§çš„æƒ…å†µä¸‹ï¼Œå¯¼å…¥å¯èƒ½ä¼šå‡ºç°é—®é¢˜ï¼Œè¿™æ ·å¦‚æœæ‰¹é‡å¯¼å…¥åœ¨äº‹åŠ¡ä¸­è¿è¡Œï¼Œå°†ä¼šæ›´åŠ ä¿é™©ï¼Œå·²åœ¨ç»ƒä¹ ç»™å‡ºã€‚
æ³¨æ„åŠ å…¥äº‹ç‰©çš„æ—¶å€™ï¼ŒæŠ›å‡ºå¼‚å¸¸æ—¶å€™é‡‡ç”¨conn.rollback();æŠŠexecuteUpdate()æ”¹æˆaddBatch()ï¼Œåœ¨æœ€åå†ps.executeBatch()&lt;/p&gt;

&lt;ol&gt;
&lt;li&gt;&lt;p&gt;mysqlè·å–æœ€åä¸€æ¬¡æ’å…¥çš„idå·å‡½æ•°ï¼Œåœ¨javaä¸­ä¹Ÿå¯ä»¥å®ç°ã€‚&lt;/p&gt;

&lt;pre&gt;&lt;code class=&#34;language-mysql&#34;&gt;mysql&amp;gt; select last_insert_id();
+------------------+
| last_insert_id() |
+------------------+
|                0 |
+------------------+
1 row in set (0.17 sec)
&lt;/code&gt;&lt;/pre&gt;

&lt;p&gt;æœ‰æ²¡æœ‰å‘ç°æ˜¯0 ï¼Œå³ä½¿æ˜¯æˆ‘æœ€æ–°æ’å…¥ä¹Ÿæ˜¯è¿™æ ·ï¼›è°ƒæŸ¥åå‘ç°æ˜¯ï¼š&lt;/p&gt;

&lt;pre&gt;&lt;code class=&#34;language-mysql&#34;&gt;mysql&amp;gt; insert into t_person(Name,Age,Gender) values (&#39;æ‚Ÿç©º&#39;,30,1);
Query OK, 1 row affected (0.04 sec)

mysql&amp;gt; select last_insert_id();
+------------------+
| last_insert_id() |
+------------------+
|            11317 |
+------------------+
1 row in set (0.00 sec)
&lt;/code&gt;&lt;/pre&gt;&lt;/li&gt;
&lt;/ol&gt;

&lt;p&gt;å¦‚æœä½ æ·»åŠ çš„æ—¶å€™ï¼Œä¸è¦å†™ä¸Šä¸»é”®çš„å€¼ï¼Œåˆ™æ˜¯å¯ä»¥ï¼å¦‚æœç›´æ¥åŠ ä¸Šä¸»é”®çš„å€¼ï¼Œåˆ™æ˜¾ç¤ºçš„æ˜¯0ï¼&lt;/p&gt;

&lt;p&gt;ç¬¬äºŒéƒ¨åˆ† ç»ƒä¹ 
1.ä¸€ä¸ªæ¯”è¾ƒæˆ³ç‰ˆæœ¬çš„JDBCUtilsçš„ç‰ˆæœ¬ï¼Œè™½ç„¶æ²¡æœ‰é”™è¯¯ï¼Œä½†æ˜¯æœªå…³é—­è¿æ¥ï¼Œä¸”æ•´ä½“é€»è¾‘æ€§ä¸å¼ºï¼Œå¹¶å¤šæ¬¡åŠ è½½é©±åŠ¨&lt;/p&gt;

&lt;pre&gt;&lt;code class=&#34;language-java&#34;&gt;/**
* 
*/
package com.jdbc.test;

import java.util.Properties;
import java.io.*;
import java.sql.*;
/**
* @author    å¶æ˜­è‰¯
* @time      2015å¹´2æœˆ17æ—¥ä¸‹åˆ11:31:53
* @version   com.jdbc.testJDBCUtils V1.0
*/
public class JDBCUtils
{

        /**
         * @param args
         */
        public static void main(String[] args)
        {
                // TODO Auto-generated method stub
                
                try
                {
                        
        //æŸ¥è¯¢çš„æµ‹è¯•åˆ†ä¸ºä¸‰ä¸ªé˜¶æ®µ    æ— å‚ çš„ä¸¤ä¸ª   æœ‰å‚çš„ä¸€ä¸ª
                        //æµ‹è¯•1   success
                        /**
                         *  mysql&amp;gt; select * from t_person;
                         *  6 rows in set (0.35 sec)
                         */
                        /*
                        Connection conn = JDBCUtils.createConnection() ;
                        ResultSet rs = JDBCUtils.executeQuery(conn, &amp;quot;select * from t_person&amp;quot;, null);
                        int i = 0;
                        while(rs.next())
                        {
                                i++;
                        }
                        System.out.println(&amp;quot;æ€»çš„è¿”å›äº†&amp;quot;+i+&amp;quot;æ¡è®°å½•&amp;quot;);
                        */
                        //æµ‹è¯•2   success
                        /**
                         *  mysql&amp;gt; select * from t_person;
                         *  6 rows in set (0.35 sec)
                         */
                        /*
                        ResultSet rs = JDBCUtils.executeQuery( &amp;quot;select * from t_person&amp;quot;, null);
                        int i = 0;
                        while(rs.next())
                        {
                                i++;
                        }
                        System.out.println(&amp;quot;æ€»çš„è¿”å›äº†&amp;quot;+i+&amp;quot;æ¡è®°å½•&amp;quot;);
                        */
                        
                        //æµ‹è¯•3    success
                        /* mysql&amp;gt; select * from t_person where name=&#39;xinran&#39;
                         * 3 rows in set (0.00 sec)
                         */
/*                        ResultSet rs = JDBCUtils.executeQuery(&amp;quot;select * from t_person where name = ?&amp;quot;, &amp;quot;xinran&amp;quot;);
                        int i = 0;
                        while(rs.next())
                        {
                                i++;
                        }
                        System.out.println(&amp;quot;æ€»çš„è¿”å›äº†&amp;quot;+i+&amp;quot;æ¡è®°å½•&amp;quot;);*/
                        
        //æ’å…¥é˜¶æ®µçš„æµ‹è¯•   ç±»ä¼¼æŸ¥è¯¢åˆ†ä¸ºä¸‰ä¸ªé˜¶æ®µ    æ— å‚ çš„ä¸¤ä¸ª   æœ‰å‚çš„ä¸€ä¸ª
                        /**
                         * æµ‹è¯•æˆåŠŸï¼ //1
                         */
                        /*Connection conn = JDBCUtils.createConnection() ;
                        int i = JDBCUtils.executeUpdate(conn, &amp;quot;insert into t_person(Id,Name,Age,Gender) values(8,&#39;lizi&#39;,82,1)&amp;quot;, null);

                        //System.out.println(&amp;quot;æ€»çš„è¿”å›äº†&amp;quot;+i+&amp;quot;æ¡è®°å½•&amp;quot;);

            */        
                        /**
                         * æµ‹è¯•æˆåŠŸï¼ //2 æ²¡æƒ³åˆ°åªè¦ä¸¤è¡Œè¯­å¥ åˆ™è¿›è¡Œäº†ä¸€æ¬¡æ’å…¥
                         */
                        /*String sql = &amp;quot;insert into t_person(Id,Name,Age,Gender) values(9,&#39;å­™æ‚Ÿç©º&#39;,12,1)&amp;quot;; //å¹´é¾„ä¸èƒ½è¿‡å¤§
                        JDBCUtils.executeUpdate(sql, null);*/
                        
                        /**
                         *  æµ‹è¯•æˆåŠŸï¼  //3  è¿æœ‰å‚çš„å½¢å¼ä¹Ÿæ˜¯æˆåŠŸäº†
                         *  mysql&amp;gt; select * from t_person;
                        +----+---------+-----+--------+
                        | Id | Name    | Age | Gender |
                        +----+---------+-----+--------+
                        |  1 | yezhao  |  24 |      1 |
                        |  3 | xinran  |  32 |      0 |
                        |  4 | xinran  |  32 |      4 |
                        |  5 | xinran  |  32 |      4 |
                        |  6 | yezhao1 |  25 |      0 |
                        |  7 | yezhao  |  25 |      1 |
                        |  8 | lizi    |  82 |      1 |
                        |  9 | å­™æ‚Ÿç©º  |  12 |      1 |
                        | 10 | è´è¶    |   3 |      0 |
                        +----+---------+-----+--------+
                        9 rows in set (0.00 sec)
                         */
                        String sql = &amp;quot;insert into t_person(Id,Name,Age,Gender) values(?,?,?,?)&amp;quot;; //å¹´é¾„ä¸èƒ½è¿‡å¤§
                        JDBCUtils.executeUpdate(sql, 11,&amp;quot;å­Ÿå½©å…°&amp;quot;,13,1);
                        
                } catch (SQLException e)
                {
                        // TODO Auto-generated catch block
                        e.printStackTrace();
                }
        }
        
        
        public static  Connection createConnection() throws SQLException
        {
                InputStream is = JDBCUtils.class.getClassLoader().getResourceAsStream(&amp;quot;com/jdbc/test/sql.properties&amp;quot;);
                 
                //InputStream is = JDBCUtils.class.getClassLoader().getResourceAsStream(&amp;quot;sql.properties&amp;quot;);
                Properties ps  = new Properties();
                Connection c1 = null;
                try
                {
                        ps.load(is);
                        String mysqlDriver = ps.getProperty(&amp;quot;mysqlDriver&amp;quot;);
//                        System.out.println(mysqlDriver);
                        
                        String connectDatabase = ps.getProperty(&amp;quot;connectDatabase&amp;quot;);
//                        System.out.println(connectDatabase);
                        
                        String userName = ps.getProperty(&amp;quot;userName&amp;quot;);
//                        System.out.println(userName);
                        
                        String Password = ps.getProperty(&amp;quot;Password&amp;quot;);
//                        System.out.println(Password);
                        
                        Class.forName(mysqlDriver);
                        
                        c1 = DriverManager.getConnection(connectDatabase,userName,Password);
                        System.out.println(&amp;quot;è¿æ¥æˆåŠŸ&amp;quot;);
                } catch (IOException | ClassNotFoundException | SQLException e)
                {
                        // TODO Auto-generated catch block
                        System.out.println(&amp;quot;æ•°æ®åº“é©±åŠ¨åŠ è½½å¤±è´¥&amp;quot;+e.getMessage());
                        return null;
                }
                return c1;
        }

        public static int executeUpdate(String sql,Object... parameter) throws SQLException
        {
                Connection conn = JDBCUtils.createConnection();
                PreparedStatement ps = conn.prepareStatement(sql);
                int i = 1;
                if(parameter != null)
                {
                        for(Object pa1:parameter)
                        {
                                ps.setObject(i, pa1);
                                i++;
                        }
                }
                int rows = ps.executeUpdate();
                System.out.println(&amp;quot;æœ‰&amp;quot;+rows+&amp;quot;æ¡è®°å½•è¢«å½±å“&amp;quot;);
                return rows;
        }
        
        public static int executeUpdate(Connection conn,String sql,Object... parameter) throws SQLException
        {
                PreparedStatement ps = conn.prepareStatement(sql);
                int i = 1;
                if(parameter != null)
                {
                        for(Object pa1:parameter)
                        {
                                ps.setObject(i, pa1);
                                i++;
                        }
                }
                int rows = ps.executeUpdate();
                System.out.println(&amp;quot;æœ‰&amp;quot;+rows+&amp;quot;æ¡è®°å½•è¢«å½±å“&amp;quot;);
                return rows;
        }
        
        public static ResultSet executeQuery(String sql,Object... parameter) throws SQLException
        {
                Connection conn = JDBCUtils.createConnection();
                PreparedStatement ps = conn.prepareStatement(sql);
                int i =1;
                if(parameter != null)
                {
                        for(Object pa1:parameter)
                        {
                                ps.setObject(i, pa1);
                                i++;
                        }
                }
                ResultSet rs = ps.executeQuery();
                return rs;
        }
        
        public static ResultSet executeQuery(Connection conn,String sql,Object... parameter) throws SQLException
        {
                PreparedStatement ps = conn.prepareStatement(sql);
                int i =1;
                if(parameter != null)
                {
                        for(Object pa1:parameter)
                        {
                                ps.setObject(i, pa1);
                                i++;
                        }
                }
                ResultSet rs = ps.executeQuery();
                return rs;
        }
        
        static void closeQuietly(PreparedStatement ps)
        {
                if(ps!= null)
                {
                        try
                        {
                                ps.close();
                        }catch(SQLException e)
                        {
                        
                        }
                }
        }
        
        static void closeQuietly(Connection conn)
        {
                if(conn!= null)
                {
                        try
                        {
                                conn.close();
                        }catch(SQLException e)
                        {
                        
                        }
                }
        }
        static void closeQuietly(ResultSet rs)
        {
                if(rs!= null)
                {
                        try
                        {
                                rs.close();
                        }catch(SQLException e)
                        {
                        
                        }
                }
        }
}
&lt;/code&gt;&lt;/pre&gt;

&lt;p&gt;æ–°ä¸€ä¸ªç‰ˆæœ¬çš„æ”¹è¿›ï¼Œä¸»è¦æ˜¯åˆ©ç”¨æ¨è€å¸ˆè®²çš„ é™æ€ä»£ç å—ä»…ä»…ä¸€æ¬¡åŠ è½½é©±åŠ¨ï¼ å¹¶å…³é—­æœ‰äº›ä½¿ç”¨çš„èµ„æºï¼ŒResultSetèµ„æºä¸å…³é—­ï¼Œç”±è°ƒç”¨è€…å»å…³é—­&lt;/p&gt;

&lt;p&gt;2.æ–°çš„ç‰ˆæœ¬çœŸæ˜¯æ¯”è¾ƒæ¸…æ™°ã€‚&lt;/p&gt;

&lt;pre&gt;&lt;code class=&#34;language-java&#34;&gt;/**
* 
*/
package com.jdbc.test;

import java.util.Properties;
import java.io.*;
import java.sql.*;
/**
* @author    å¶æ˜­è‰¯
* @time      2015å¹´2æœˆ17æ—¥ä¸‹åˆ11:31:53
* @version   com.jdbc.testJDBCUtils V1.0
*                         V2.0  æ”¹å˜é…ç½®æ–‡ä»¶å˜ä¸ºä¸ºfinalï¼Œå¹¶æŠŠsql.propertiesæ–‡ä»¶æåˆ°
*                                 com.jdbcç›®å½•ä¸‹ com/jdbc/test/sql.properties
*                                 æµ‹è¯•é€šè¿‡
*          V3.0 æ”¹å˜ä¸ºé™æ€ä»£ç æ®µ åŠ è½½é©±åŠ¨ï¼ å¹¶æŠŠåŠ è½½é…ç½®æ–‡ä»¶
*               ä¹Ÿæ”¾åœ¨é™æ€ä»£ç æ®µä¸­ï¼ä»…ä»…åŠ è½½ä¸€æ¬¡å³å¯ï¼è€Œä¸éœ€è¦
*               ä¸€ç›´åŠ è½½
*          V4.0 ä¿®æ­£äº†æ²¡æœ‰closeçš„é—®é¢˜ï¼ï¼é˜²æ­¢ä¸€ç›´è¿ç€ã€‚ æ˜ç™½äº†åƒå¼‚å¸¸çš„è¿‡ç¨‹
*                åœ¨ç±»åº“ä¸­ä¸çŸ¥é“æ€ä¹ˆå¤„ç†ï¼ç›´æ¥æŠ›å‡ºå¼‚å¸¸å³å¯ï¼è®©è°ƒç”¨è€…è‡ªå·±å»å¤„ç†ï¼
*                å’±ä»¬æä¾›æ–¹æ³•ï¼Œä¸æä¾›å¼‚å¸¸çš„å¤„ç†ï¼æ‰“å°å¼‚å¸¸ä¸å«åšå¤„ç†ï¼è€Œå«åšâ€œåƒå¼‚å¸¸â€
*          V5.0  ä¸åƒå¼‚å¸¸çš„æ–¹å¼å°±æ˜¯ throw new RuntimeException ï¼Œé™æ€ä»£ç æ®µ
*                  æ— æ³•throw checkedExceptionæ£€æŸ¥å¼‚å¸¸
*                æ²¡æƒ³åˆ°ç»è¿‡è¿™æ ·çš„è¿‡ç¨‹å°è£…æ¯”æˆ‘åŸå…ˆçš„å¥½çœ‹å¤šäº†ï¼è€Œä¸”é€»è¾‘æ›´åŠ æ¸…æ™°
*                
*/
public class JDBCUtils
{

        /**
         * @param args
         */
        private static final String mysqlDriver;
        private static final String connectDatabase;
        private static final String userName;
        private static final String Password;
        static
        {
                InputStream is = null; 
                //InputStream is = JDBCUtils.class.getClassLoader().getResourceAsStream(&amp;quot;sql.properties&amp;quot;);
                Properties ps  = new Properties();
                Connection c1 = null;
                try
                {
                        is = JDBCUtils.class.getClassLoader().getResourceAsStream(&amp;quot;&amp;quot;
                                        + &amp;quot;com/jdbc/test/sql.properties&amp;quot;);
                        ps.load(is);
                        mysqlDriver = ps.getProperty(&amp;quot;mysqlDriver&amp;quot;);
//                        System.out.println(mysqlDriver);
                        connectDatabase = ps.getProperty(&amp;quot;connectDatabase&amp;quot;);
        //                        System.out.println(connectDatabase);
                        userName = ps.getProperty(&amp;quot;userName&amp;quot;);
        //                        System.out.println(userName);
                        Password = ps.getProperty(&amp;quot;Password&amp;quot;);
        //                        System.out.println(Password);
                        //ä»…ä»…åœ¨é™æ€ä»£ç æ®µä¸­åŠ è½½ä¸€æ¬¡é©±åŠ¨å³å¯ï¼ˆåœ¨è¿è¡Œä¸­ï¼‰
                        
                } catch (IOException e)
                {
                        // TODO Auto-generated catch block
                        //System.out.println(&amp;quot;é…ç½®æ–‡ä»¶åŠ è½½å¤±è´¥&amp;quot;+e.getMessage());
                        throw new RuntimeException(&amp;quot;é…ç½®æ–‡ä»¶sql.propertiesåŠ è½½å¤±è´¥&amp;quot;+e.getMessage());
                        //return null;
                }
                try
                {
                        Class.forName(mysqlDriver); //ä»…ä»…åœ¨ç¨‹åºè¿è¡Œä¸­åŠ è½½ä¸€æ¬¡é©±åŠ¨å³å¯ï¼ï¼ï¼
                } catch (ClassNotFoundException e)
                {
                        // TODO Auto-generated catch block
//                        System.out.println(&amp;quot;é©±åŠ¨åŠ è½½å¤±è´¥&amp;quot;+e.getMessage());
                        throw new RuntimeException(&amp;quot;é©±åŠ¨åŠ è½½å¤±è´¥&amp;quot;+e.getMessage());
                }

        }
        
        public static void main(String[] args)
        {
                // TODO Auto-generated method stub
                
                try
                {
                        
        //æŸ¥è¯¢çš„æµ‹è¯•åˆ†ä¸ºä¸‰ä¸ªé˜¶æ®µ    æ— å‚ çš„ä¸¤ä¸ª   æœ‰å‚çš„ä¸€ä¸ª
                        //æµ‹è¯•1   success
                        /**
                         *  mysql&amp;gt; select * from t_person;
                         *  6 rows in set (0.35 sec)
                         */
                        /*
                        Connection conn = JDBCUtils.createConnection() ;
                        ResultSet rs = JDBCUtils.executeQuery(conn, &amp;quot;select * from t_person&amp;quot;, null);
                        int i = 0;
                        while(rs.next())
                        {
                                i++;
                        }
                        System.out.println(&amp;quot;æ€»çš„è¿”å›äº†&amp;quot;+i+&amp;quot;æ¡è®°å½•&amp;quot;);
                        */
                        //æµ‹è¯•2   success
                        /**
                         *  mysql&amp;gt; select * from t_person;
                         *  6 rows in set (0.35 sec)
                         */
                        /*
                        ResultSet rs = JDBCUtils.executeQuery( &amp;quot;select * from t_person&amp;quot;, null);
                        int i = 0;
                        while(rs.next())
                        {
                                i++;
                        }
                        System.out.println(&amp;quot;æ€»çš„è¿”å›äº†&amp;quot;+i+&amp;quot;æ¡è®°å½•&amp;quot;);
                        */
                        
                        //æµ‹è¯•3    success
                        /* mysql&amp;gt; select * from t_person where name=&#39;xinran&#39;
                         * 3 rows in set (0.00 sec)
                         */
/*                        ResultSet rs = JDBCUtils.executeQuery(&amp;quot;select * from t_person where name = ?&amp;quot;, &amp;quot;xinran&amp;quot;);
                        int i = 0;
                        while(rs.next())
                        {
                                i++;
                        }
                        System.out.println(&amp;quot;æ€»çš„è¿”å›äº†&amp;quot;+i+&amp;quot;æ¡è®°å½•&amp;quot;);*/
                        
        //æ’å…¥é˜¶æ®µçš„æµ‹è¯•   ç±»ä¼¼æŸ¥è¯¢åˆ†ä¸ºä¸‰ä¸ªé˜¶æ®µ    æ— å‚ çš„ä¸¤ä¸ª   æœ‰å‚çš„ä¸€ä¸ª
                        /**
                         * æµ‹è¯•æˆåŠŸï¼ //1
                         */
                        /*Connection conn = JDBCUtils.createConnection() ;
                        int i = JDBCUtils.executeUpdate(conn, &amp;quot;insert into t_person(Id,Name,Age,Gender) values(8,&#39;lizi&#39;,82,1)&amp;quot;, null);

                        //System.out.println(&amp;quot;æ€»çš„è¿”å›äº†&amp;quot;+i+&amp;quot;æ¡è®°å½•&amp;quot;);

            */        
                        /**
                         * æµ‹è¯•æˆåŠŸï¼ //2 æ²¡æƒ³åˆ°åªè¦ä¸¤è¡Œè¯­å¥ åˆ™è¿›è¡Œäº†ä¸€æ¬¡æ’å…¥
                         */
                        /*String sql = &amp;quot;insert into t_person(Id,Name,Age,Gender) values(9,&#39;å­™æ‚Ÿç©º&#39;,12,1)&amp;quot;; //å¹´é¾„ä¸èƒ½è¿‡å¤§
                        JDBCUtils.executeUpdate(sql, null);*/
                        
                        /**
                         *  æµ‹è¯•æˆåŠŸï¼  //3  è¿æœ‰å‚çš„å½¢å¼ä¹Ÿæ˜¯æˆåŠŸäº†
                         *  mysql&amp;gt; select * from t_person;
                        +----+---------+-----+--------+
                        | Id | Name    | Age | Gender |
                        +----+---------+-----+--------+
                        |  1 | yezhao  |  24 |      1 |
                        |  3 | xinran  |  32 |      0 |
                        |  4 | xinran  |  32 |      4 |
                        |  5 | xinran  |  32 |      4 |
                        |  6 | yezhao1 |  25 |      0 |
                        |  7 | yezhao  |  25 |      1 |
                        |  8 | lizi    |  82 |      1 |
                        |  9 | å­™æ‚Ÿç©º  |  12 |      1 |
                        | 10 | è´è¶    |   3 |      0 |
                        +----+---------+-----+--------+
                        9 rows in set (0.00 sec)
                         */
                        String sql = &amp;quot;insert into t_person(Id,Name,Age,Gender) values(?,?,?,?)&amp;quot;; //å¹´é¾„ä¸èƒ½è¿‡å¤§
                        JDBCUtils.executeUpdate(sql, 12,&amp;quot;å­Ÿæ±Ÿè™&amp;quot;,15,0);
                        
                } catch (SQLException e)
                {
                        // TODO Auto-generated catch block
                        e.printStackTrace();
                }
        }
        
        /**
         * åˆ›å»ºæ•°æ®åº“çš„è¿æ¥
         * @return   è¿”å›mysqlçš„è¿æ¥
         */
        public static  Connection createConnection() 
        {
                Connection c1  = null;
                try
                {
                        
                  c1 = DriverManager.getConnection(connectDatabase,userName,Password);
                        System.out.println(&amp;quot;è¿æ¥æˆåŠŸ&amp;quot;);
                } catch (SQLException e)
                {
                        // TODO Auto-generated catch block
                        System.out.println(&amp;quot;æ•°æ®åº“è¿æ¥åˆ›å»ºå¤±è´¥&amp;quot;+e.getMessage());
                        return null;
                }
                return c1;
        }
        /**
         * 
         * @param sql        sqlçš„update,delete,insertç­‰ä¿®æ”¹æ•°æ®åº“çš„è¯­å¥
         * @param parameter  å‚æ•°åŒ–çš„update,delete,insertç­‰çš„è®¾ç½® 
         * @return           è¿”å›è¢«å½±å“çš„å‡½æ•°
         * @throws SQLException   æŠ›å‡ºSQLExceptionç”±ç”¨æˆ·è‡ªå·±å»ç‰¹æ®Šå¤„ç†
         */
        public static int executeUpdate(String sql,Object... parameter) throws SQLException
        {
                Connection conn = null;
                PreparedStatement ps = null;
                int rows = 0;
                try
                {
                        conn = JDBCUtils.createConnection();
                        ps = conn.prepareStatement(sql);
                        int i = 1;
                        if(parameter != null)
                        {
                                for(Object pa1:parameter)
                                {
                                        ps.setObject(i, pa1);
                                        i++;
                                }
                        }
                        rows = ps.executeUpdate();
                }finally
                {
                        JDBCUtils.closeQuietly(ps);
                }
                System.out.println(&amp;quot;æœ‰&amp;quot;+rows+&amp;quot;æ¡è®°å½•è¢«å½±å“&amp;quot;);
                return rows;
        }
        /**
         * @param conn       æ•°æ®åº“çš„è¿æ¥
         * @param sql        sqlçš„update,delete,insertç­‰ä¿®æ”¹æ•°æ®åº“çš„è¯­å¥
         * @param parameter  å‚æ•°åŒ–çš„update,delete,insertç­‰çš„è®¾ç½® 
         * @return           è¿”å›è¢«å½±å“çš„å‡½æ•°
         * @throws SQLException   æŠ›å‡ºSQLExceptionç”±ç”¨æˆ·è‡ªå·±å»ç‰¹æ®Šå¤„ç†
         */
        public static int executeUpdate(Connection conn,String sql,Object... parameter) throws SQLException
        {
                PreparedStatement ps = null;
                int rows = 0;
                try
                {
                        ps = conn.prepareStatement(sql);
                        int i = 1;
                        if(parameter != null)
                        {
                                for(Object pa1:parameter)
                                {
                                        ps.setObject(i, pa1);
                                        i++;
                                }
                        }
                        rows = ps.executeUpdate();
                }finally
                {
                        JDBCUtils.closeQuietly(ps);
                }
                
                System.out.println(&amp;quot;æœ‰&amp;quot;+rows+&amp;quot;æ¡è®°å½•è¢«å½±å“&amp;quot;);
                return rows;
        }
        /**
         * 
         * @param sql        sqlçš„selectä¸ä¿®æ”¹æ•°æ®åº“çš„è¯­å¥
         * @param parameter  å‚æ•°åŒ–çš„æŸ¥è¯¢ï¼Œå‚æ•°é›†çš„è®¾ç½® 
         * @return           è¿”å›æŸ¥è¯¢çš„æ•°æ®é›†
         * @throws SQLException   æŠ›å‡ºSQLExceptionç”±ç”¨æˆ·è‡ªå·±å»ç‰¹æ®Šå¤„ç†
         */
        public static ResultSet executeQuery(String sql,Object... parameter) throws SQLException
        {
                Connection conn = null;
                PreparedStatement ps = null;
                try
                {
                        conn = JDBCUtils.createConnection();
                        ps = conn.prepareStatement(sql);
                        int i =1;
                        if(parameter != null)
                        {
                                for(Object pa1:parameter)
                                {
                                        ps.setObject(i, pa1);
                                        i++;
                                }
                        }
                        ResultSet rs = ps.executeQuery();
                        //å› ä¸ºfinallyæ˜¯è‚¯å®šä¼šè¢«æ‰§è¡Œçš„ç‰‡æ®µ  å³ä½¿ä»–æ”¾åœ¨returnä¹‹å
                        return rs;
                }finally
                {
                        JDBCUtils.closeQuietly(ps);
                }
                
                
        }
        /**
         * @param conn       æ•°æ®åº“è¿æ¥
         * @param sql        sqlçš„selectä¸ä¿®æ”¹æ•°æ®åº“çš„è¯­å¥
         * @param parameter  å‚æ•°åŒ–çš„æŸ¥è¯¢ï¼Œå‚æ•°é›†çš„è®¾ç½® 
         * @return           è¿”å›æŸ¥è¯¢çš„æ•°æ®é›†
         * @throws SQLException   æŠ›å‡ºSQLExceptionç”±ç”¨æˆ·è‡ªå·±å»ç‰¹æ®Šå¤„ç†
         */
        public static ResultSet executeQuery(Connection conn,String sql,Object... parameter) throws SQLException
        {
                PreparedStatement ps = null;
                try
                {
                        ps = conn.prepareStatement(sql);
                        int i =1;
                        if(parameter != null)
                        {
                                for(Object pa1:parameter)
                                {
                                        ps.setObject(i, pa1);
                                        i++;
                                }
                        }
                        ResultSet rs = ps.executeQuery();
                        return rs;
                }finally
                {
                        JDBCUtils.closeQuietly(ps);
                }
                
        }
        /**
         *  å…³é—­PreparedStatmentè¿æ¥
         * @param ps   PreparedStatmentå¯¹è±¡
         */
        static void closeQuietly(PreparedStatement ps)
        {
                if(ps!= null)
                {
                        try
                        {
                                ps.close();
                        }catch(SQLException e)
                        {
                        
                        }
                }
        }
        /**
         *  å…³é—­Connectionè¿æ¥
         * @param connn   Connectionå¯¹è±¡
         */
        static void closeQuietly(Connection conn)
        {
                if(conn!= null)
                {
                        try
                        {
                                conn.close();
                        }catch(SQLException e)
                        {
                        
                        }
                }
        }
        /**
         *  å…³é—­ResultSetè¿æ¥
         * @param rs   ResultSetå¯¹è±¡
         */
        static void closeQuietly(ResultSet rs)
        {
                if(rs!= null)
                {
                        try
                        {
                                rs.close();
                        }catch(SQLException e)
                        {
                        
                        }
                }
        }
}
&lt;/code&gt;&lt;/pre&gt;

&lt;p&gt;åŸæ¥è‡ªå·±åˆæ²¡æœ‰ç†è§£æ¸…æ¥šï¼Œæˆ‘ä»¬å®é™…ç”¨çš„è¾ƒå¤šexecuteUpdateå’ŒexecuteQueryçš„æ— conn
çš„å½¢å¼ï¼Œè€Œå¸¦connåªæ˜¯ä¸€ä¸ªä¸­é—´è¿‡ç¨‹ï¼ å¹¶ä¸”æ— connçš„ä¼šè°ƒç”¨æœ‰connçš„å½¢å¼ï¼åŒæ—¶è¿™ä¹Ÿæ˜¯ä¸€ä¸ªæ¯”è¾ƒå¥½çš„ä¹ æƒ¯ï¼åªè¦æ”¹ä¸€ä¸ªåœ°æ–¹å°±éƒ½æ”¹äº†ï¼&lt;/p&gt;

&lt;p&gt;è€Œä¸”å¹¶ä¸”æ”¹æ‰ä»£ç çš„é‡å¤ç‰‡æ®µï¼Œä¸€ä¸¾å¤šå¾—ï¼Œå¹¶ä¸”æ€è·¯æ›´æ¸…æ™°ï¼
å­¦ä¹ ï¼Œæœ­è®°ã€‚&lt;/p&gt;

&lt;pre&gt;&lt;code class=&#34;language-java&#34;&gt;/**
         * 
         * @param sql        sqlçš„update,delete,insertç­‰ä¿®æ”¹æ•°æ®åº“çš„è¯­å¥
         * @param parameter  å‚æ•°åŒ–çš„update,delete,insertç­‰çš„è®¾ç½® 
         * @return           è¿”å›è¢«å½±å“çš„å‡½æ•°
         * @throws SQLException   æŠ›å‡ºSQLExceptionç”±ç”¨æˆ·è‡ªå·±å»ç‰¹æ®Šå¤„ç†
         */
        public static int executeUpdate(String sql,Object... parameter) throws SQLException
        {
                Connection conn = null;
                try
                {
                        conn = JDBCUtils.createConnection();
                        return executeUpdate(conn, sql, parameter);
                }finally
                {
                        JDBCUtils.closeQuietly(conn);
                }
        }

        /**
         * 
         * @param sql        sqlçš„selectä¸ä¿®æ”¹æ•°æ®åº“çš„è¯­å¥
         * @param parameter  å‚æ•°åŒ–çš„æŸ¥è¯¢ï¼Œå‚æ•°é›†çš„è®¾ç½® 
         * @return           è¿”å›æŸ¥è¯¢çš„æ•°æ®é›†
         * @throws SQLException   æŠ›å‡ºSQLExceptionç”±ç”¨æˆ·è‡ªå·±å»ç‰¹æ®Šå¤„ç†
         */
        public static ResultSet executeQuery(String sql,Object... parameter) throws SQLException
        {
                Connection conn = null;
                try
                {
                        conn = JDBCUtils.createConnection();
                        return executeQuery(conn,sql, parameter);
                }finally
                {
                        JDBCUtils.closeQuietly(conn);
                }
                
        }
&lt;/code&gt;&lt;/pre&gt;

&lt;p&gt;æ¼‚äº®ï¼Œä¼˜é›…ï¼ï¼ï¼ç¾ä¸½&lt;/p&gt;

&lt;p&gt;3æµ‹è¯•äº†ä¸€ä¸ªå¤šæ¬¡æ’å…¥çš„æ¡ˆä¾‹ï¼š&lt;/p&gt;

&lt;pre&gt;&lt;code class=&#34;language-java&#34;&gt;/**
                 *  æµ‹è¯•ç»“æœï¼š å•ä¸ªè¿æ¥ æ’å…¥100æ¡æ•°æ®è€—æ—¶3767 
                 */
/*                        long startTime = System.currentTimeMillis();
                        String sql = &amp;quot;insert into t_person(Id,Name,Age,Gender) values(?,?,?,?)&amp;quot;;
                        Connection conn = null;
                        try
                        {
                                conn = JDBCUtils.createConnection();
                                //åŸå…ˆæœ‰æ•°æ®ï¼å¹¶ä¸”ä¸»é”®ä¸èƒ½é‡å¤ æ‰€ä»¥åªå¥½ä»18å¼€å§‹
                                for(int i = 15; i &amp;lt; 115; i++)
                                {
                                        JDBCUtils.executeUpdate(conn,sql, i,&amp;quot;SpringDay&amp;quot;,17,1);
                                }
                                System.out.println(&amp;quot;å•ä¸ªè¿æ¥ æ’å…¥100æ¡æ•°æ®è€—æ—¶&amp;quot;+(System.currentTimeMillis()
                                                -startTime));

                        }catch(SQLException e)
                        {
                                System.out.println(&amp;quot;æ•°æ®åº“è¿æ¥å¼‚å¸¸&amp;quot;);
                        }finally
                        {
                                JDBCUtils.closeQuietly(conn);
                        }*/
                /**
                 * ä¸€ä¸ªè¿æ¥ æ’å…¥ä¸€æ¡æ•°æ® 100æ¡åè€—æ—¶7850  
                 *   å¯è§è¿™ç§æ–¹å¼è¿˜æ˜¯ç›¸å¯¹è¾ƒæ…¢çš„ï¼ï¼ï¼ï¼
                 *   æ€»ç»“   åœ¨å¤šæ¬¡æ’å…¥æ•°æ®åº“ä¸­ï¼æœ€å¥½æ˜¯ä¸€æ¬¡è¿æ¥ï¼Œä¸è¦å…³é—­ï¼Œæ’å…¥å®Œåœ¨å…³é—­
                 */
                long startTime = System.currentTimeMillis();
                String sql = &amp;quot;insert into t_person(Id,Name,Age,Gender) values(?,?,?,?)&amp;quot;;
                try
                {
                        for(int i = 116; i &amp;lt; 216; i++)
                        {
                                JDBCUtils.executeUpdate(sql, i,&amp;quot;SpringDay&amp;quot;,17,1);
                        }
                        System.out.println(&amp;quot;ä¸€ä¸ªè¿æ¥ æ’å…¥ä¸€æ¡æ•°æ® 100æ¡åè€—æ—¶&amp;quot;+(System.currentTimeMillis()
                                        -startTime));
                }catch(SQLException e)
                {
                        System.out.println(&amp;quot;è¿æ¥å¤±è´¥ï¼ä¸»é”®æœ‰é—®é¢˜&amp;quot;+e.getMessage());
                }
&lt;/code&gt;&lt;/pre&gt;

&lt;p&gt;æ€»ç»“ åœ¨å¤šæ¬¡æ’å…¥æ•°æ®åº“ä¸­ï¼æœ€å¥½æ˜¯ä¸€æ¬¡è¿æ¥ï¼Œä¸è¦å…³é—­ï¼Œæ’å…¥å®Œåœ¨å…³é—­&lt;/p&gt;

&lt;p&gt;å†æ¬¡æ”¹è¿›ï¼ä¸éœ€è¦æŠŠexecuteQueryçš„connectionå…³é—­&lt;/p&gt;

&lt;pre&gt;&lt;code class=&#34;language-java&#34;&gt;*                ç”±äºPreparedStatement æ¥è‡ªStatement
*                rs.getStatement() è¡¨ç¤ºè¿”å›ä¸€ä¸ªstatementï¼Œè€Œä¸ä¼šå…³é—­PreparedStatement
*                å¸¸è§äº†ä¸€ä¸ªcloseAll(),è¿™ä¹Ÿæ˜¯ä¸ºä»€ä¹ˆ æš‚æ—¶ä¸å…³é—­æŸ¥è¯¢è¿æ¥çš„åŸå› ï¼ŒåŒæ—¶ä¸å…³é—­
*                æ–¹ä¾¿è¿›è¡Œå¤šæ¬¡æŸ¥è¯¢ï¼Œåå¤æŸ¥è¯¢

/**
         * ä»resultSetä¸­å…³é—­æ‰€æœ‰çš„è¿æ¥
         * @param rs
         */
        static void closeAll(ResultSet rs)
        {
                if(rs == null)
                {
                        return;
                }
                try
                {
                        JDBCUtils.closeQuietly(rs.getStatement().getConnection());
                        JDBCUtils.closeQuietly(rs.getStatement());
                        JDBCUtils.closeAll(rs);
                }catch(SQLException e)
                {
                        
                }
        }
&lt;/code&gt;&lt;/pre&gt;

&lt;p&gt;å¹¶ä¸”å¿…é¡»ä¿®æ­£ executeQueryçš„å‡½æ•°ï¼ŒæŠŠåŸå…ˆçš„JDBCUtils.closeQuietly(ps)å…³æ‰ï¼ å¦åˆ™æŠ¥é”™ï¼å‡ºç°å¼‚å¸¸ï¼Œç„¶åå°±å¯ä»¥å¾ˆhappyçš„ä½¿ç”¨JDBCUtilsäº†&lt;/p&gt;

&lt;pre&gt;&lt;code class=&#34;language-java&#34;&gt;  ResultSet rs = null;
                String sql = &amp;quot;select * from t_person&amp;quot;;
                try
                {
                        rs = executeQuery(sql);
                        while(rs.next())
                        {
                                String Name= rs.getString(&amp;quot;Name&amp;quot;);
                                System.out.println(Name);
                        }
                }catch(SQLException e)
                {
                        System.out.println(&amp;quot;å±…ç„¶æŠ¥é”™&amp;quot;);
                }finally
                {
                        JDBCUtils.closeAll(rs);
                }
&lt;/code&gt;&lt;/pre&gt;

&lt;p&gt;4åˆé¥­å‰ç‰ˆæœ¬çš„JDBCUtilsï¼š&lt;/p&gt;

&lt;pre&gt;&lt;code class=&#34;language-java&#34;&gt;/**
* 
*/
package com.jdbc.test;

import java.util.Properties;
import java.io.*;
import java.sql.*;
/**
* @author    å¶æ˜­è‰¯
* @time      2015å¹´2æœˆ17æ—¥ä¸‹åˆ11:31:53
* @version   com.jdbc.testJDBCUtils V1.0
*                         V2.0  æ”¹å˜é…ç½®æ–‡ä»¶å˜ä¸ºä¸ºfinalï¼Œå¹¶æŠŠsql.propertiesæ–‡ä»¶æåˆ°
*                                 com.jdbcç›®å½•ä¸‹ com/jdbc/test/sql.properties
*                                 æµ‹è¯•é€šè¿‡
*          V3.0 æ”¹å˜ä¸ºé™æ€ä»£ç æ®µ åŠ è½½é©±åŠ¨ï¼ å¹¶æŠŠåŠ è½½é…ç½®æ–‡ä»¶
*               ä¹Ÿæ”¾åœ¨é™æ€ä»£ç æ®µä¸­ï¼ä»…ä»…åŠ è½½ä¸€æ¬¡å³å¯ï¼è€Œä¸éœ€è¦
*               ä¸€ç›´åŠ è½½
*          V4.0 ä¿®æ­£äº†æ²¡æœ‰closeçš„é—®é¢˜ï¼ï¼é˜²æ­¢ä¸€ç›´è¿ç€ã€‚ æ˜ç™½äº†åƒå¼‚å¸¸çš„è¿‡ç¨‹
*                åœ¨ç±»åº“ä¸­ä¸çŸ¥é“æ€ä¹ˆå¤„ç†ï¼ç›´æ¥æŠ›å‡ºå¼‚å¸¸å³å¯ï¼è®©è°ƒç”¨è€…è‡ªå·±å»å¤„ç†ï¼
*                å’±ä»¬æä¾›æ–¹æ³•ï¼Œä¸æä¾›å¼‚å¸¸çš„å¤„ç†ï¼æ‰“å°å¼‚å¸¸ä¸å«åšå¤„ç†ï¼è€Œå«åšâ€œåƒå¼‚å¸¸â€
*          V5.0  ä¸åƒå¼‚å¸¸çš„æ–¹å¼å°±æ˜¯ throw new RuntimeException ï¼Œé™æ€ä»£ç æ®µ
*                  æ— æ³•throw checkedExceptionæ£€æŸ¥å¼‚å¸¸
*                æ²¡æƒ³åˆ°ç»è¿‡è¿™æ ·çš„è¿‡ç¨‹å°è£…æ¯”æˆ‘åŸå…ˆçš„å¥½çœ‹å¤šäº†ï¼è€Œä¸”é€»è¾‘æ›´åŠ æ¸…æ™°
*          V6.0 æœ‰æ²¡æœ‰ç†è§£æ¸…æ¥šï¼Œæˆ‘ä»¬å®é™…ç”¨çš„è¾ƒå¤šexecuteUpdateå’ŒexecuteQueryçš„æ— conn
*               çš„å½¢å¼ï¼Œè€Œå¸¦connåªæ˜¯ä¸€ä¸ªä¸­é—´è¿‡ç¨‹ï¼ å¹¶ä¸”æ— connçš„ä¼šè°ƒç”¨æœ‰connçš„å½¢å¼ï¼
*              å†æ¬¡ä¿®æ”¹ï¼ æ³¨æ„è§‚çœ‹executeUpdateçš„å®ç°
*          V7.0  å†æ¬¡æ”¹è¿›ï¼ä¸éœ€è¦æŠŠexecuteQueryçš„connectionå…³é—­
*                ç”±äºPreparedStatement æ¥è‡ªStatement
*                rs.getStatement() è¡¨ç¤ºè¿”å›ä¸€ä¸ªstatementï¼Œè€Œä¸ä¼šå…³é—­PreparedStatement
*                å¸¸è§äº†ä¸€ä¸ªcloseAll(),è¿™ä¹Ÿæ˜¯ä¸ºä»€ä¹ˆ æš‚æ—¶ä¸å…³é—­æŸ¥è¯¢è¿æ¥çš„åŸå› ï¼ŒåŒæ—¶ä¸å…³é—­
*                æ–¹ä¾¿è¿›è¡Œå¤šæ¬¡æŸ¥è¯¢ï¼Œåå¤æŸ¥è¯¢
*                
*           V8.0  cachedRowSet æ˜¯ä¸€ä¸ªç¼“å†²çš„mysqlå­—ç¬¦é›†ï¼Œè¿æ¥ä¸­æ–­ï¼æŠŠæ‰€æœ‰æ•°æ®ç¼“å†²åˆ°å®¢æˆ·ç«¯ï¼
*                 ä¸éœ€è¦å†æ¬¡è¿æ¥ï¼Œæ‰€ä»¥å…³é—­Connectionä¹Ÿæ˜¯å¯ä»¥
*                 ä½†æ˜¯è¿™ä¸ªæ ˆå†…å­˜  æš‚æ—¶ä¸ä½¿ç”¨ 
*                
*/
public class JDBCUtils
{

        /**
         * @param args
         */
        private static final String mysqlDriver;
        private static final String connectDatabase;
        private static final String userName;
        private static final String Password;
        static
        {
                InputStream is = null; 
                //InputStream is = JDBCUtils.class.getClassLoader().getResourceAsStream(&amp;quot;sql.properties&amp;quot;);
                Properties ps  = new Properties();
                Connection c1 = null;
                try
                {
                        //is = JDBCUtils.class.getClassLoader().getResourceAsStream(&amp;quot;&amp;quot;
                        //                + &amp;quot;com/jdbc/test/sql.properties&amp;quot;);
                        is = JDBCUtils.class.getResourceAsStream(&amp;quot;sql.properties&amp;quot;);
                        //è¿™ç§æƒ…å†µçœç•¥å®å’ŒgetClassLoader()
                        ps.load(is);
                        mysqlDriver = ps.getProperty(&amp;quot;mysqlDriver&amp;quot;);
//                        System.out.println(mysqlDriver);
                        connectDatabase = ps.getProperty(&amp;quot;connectDatabase&amp;quot;);
        //                        System.out.println(connectDatabase);
                        userName = ps.getProperty(&amp;quot;userName&amp;quot;);
        //                        System.out.println(userName);
                        Password = ps.getProperty(&amp;quot;Password&amp;quot;);
        //                        System.out.println(Password);
                        //ä»…ä»…åœ¨é™æ€ä»£ç æ®µä¸­åŠ è½½ä¸€æ¬¡é©±åŠ¨å³å¯ï¼ˆåœ¨è¿è¡Œä¸­ï¼‰
                        
                } catch (IOException e)
                {
                        // TODO Auto-generated catch block
                        //System.out.println(&amp;quot;é…ç½®æ–‡ä»¶åŠ è½½å¤±è´¥&amp;quot;+e.getMessage());
                        throw new RuntimeException(&amp;quot;é…ç½®æ–‡ä»¶sql.propertiesåŠ è½½å¤±è´¥&amp;quot;+e.getMessage());
                        //return null;
                }
                try
                {
                        Class.forName(mysqlDriver); //ä»…ä»…åœ¨ç¨‹åºè¿è¡Œä¸­åŠ è½½ä¸€æ¬¡é©±åŠ¨å³å¯ï¼ï¼ï¼
                } catch (ClassNotFoundException e)
                {
                        // TODO Auto-generated catch block
//                        System.out.println(&amp;quot;é©±åŠ¨åŠ è½½å¤±è´¥&amp;quot;+e.getMessage());
                        throw new RuntimeException(&amp;quot;é©±åŠ¨åŠ è½½å¤±è´¥&amp;quot;+e.getMessage());
                }

        }
        
        public static void main(String[] args)
        {
                
                ResultSet rs = null;
                String sql = &amp;quot;select * from t_person&amp;quot;;
                try
                {
                        rs = executeQuery(sql);
                        while(rs.next())
                        {
                                String Name= rs.getString(&amp;quot;Name&amp;quot;);
                                System.out.println(Name);
                        }
                }catch(SQLException e)
                {
                        System.out.println(&amp;quot;å±…ç„¶æŠ¥é”™&amp;quot;);
                }finally
                {
                        JDBCUtils.closeAll(rs);
                }
        
/*                try
                {
                        ResultSet rs = JDBCUtils.executeQuery( &amp;quot;select * from t_person&amp;quot;, null);
                        int i = 0;
                        while(rs.next())
                        {
                                i++;
                        }
                        System.out.println(&amp;quot;æ€»çš„è¿”å›äº†&amp;quot;+i+&amp;quot;æ¡è®°å½•&amp;quot;);
                }catch(SQLException e)
                {
                        System.out.println(&amp;quot;juran&amp;quot;);
                }
                */
                        
        }
        
        /**
         * åˆ›å»ºæ•°æ®åº“çš„è¿æ¥
         * @return   è¿”å›mysqlçš„è¿æ¥
         */
        public static  Connection createConnection() 
        {
                Connection c1  = null;
                try
                {
                        
                  c1 = DriverManager.getConnection(connectDatabase,userName,Password);
                        System.out.println(&amp;quot;è¿æ¥æˆåŠŸ&amp;quot;);
                } catch (SQLException e)
                {
                        // TODO Auto-generated catch block
                        System.out.println(&amp;quot;æ•°æ®åº“è¿æ¥åˆ›å»ºå¤±è´¥&amp;quot;+e.getMessage());
                        return null;
                }
                return c1;
        }
        /**
         * 
         * @param sql        sqlçš„update,delete,insertç­‰ä¿®æ”¹æ•°æ®åº“çš„è¯­å¥
         * @param parameter  å‚æ•°åŒ–çš„update,delete,insertç­‰çš„è®¾ç½® 
         * @return           è¿”å›è¢«å½±å“çš„å‡½æ•°
         * @throws SQLException   æŠ›å‡ºSQLExceptionç”±ç”¨æˆ·è‡ªå·±å»ç‰¹æ®Šå¤„ç†
         */
        public static int executeUpdate(String sql,Object... parameter) throws SQLException
        {
                Connection conn = null;
                try
                {
                        conn = JDBCUtils.createConnection();
                        return executeUpdate(conn, sql, parameter);
                }finally
                {
                        JDBCUtils.closeQuietly(conn);
                }
        }
        /**
         * @param conn       æ•°æ®åº“çš„è¿æ¥
         * @param sql        sqlçš„update,delete,insertç­‰ä¿®æ”¹æ•°æ®åº“çš„è¯­å¥
         * @param parameter  å‚æ•°åŒ–çš„update,delete,insertç­‰çš„è®¾ç½® 
         * @return           è¿”å›è¢«å½±å“çš„å‡½æ•°
         * @throws SQLException   æŠ›å‡ºSQLExceptionç”±ç”¨æˆ·è‡ªå·±å»ç‰¹æ®Šå¤„ç†
         */
        public static int executeUpdate(Connection conn,String sql,Object... parameter) throws SQLException
        {
                PreparedStatement ps = null;
                int rows = 0;
                try
                {
                        ps = conn.prepareStatement(sql);
                        int i = 1;
                        if(parameter != null)
                        {
                                for(Object pa1:parameter)
                                {
                                        ps.setObject(i, pa1);
                                        i++;
                                }
                        }
                        rows = ps.executeUpdate();
                }finally
                {
                        JDBCUtils.closeQuietly(ps);
                }
                
                System.out.println(&amp;quot;æœ‰&amp;quot;+rows+&amp;quot;æ¡è®°å½•è¢«å½±å“&amp;quot;);
                return rows;
        }
        /**
         * 
         * @param sql        sqlçš„selectä¸ä¿®æ”¹æ•°æ®åº“çš„è¯­å¥
         * @param parameter  å‚æ•°åŒ–çš„æŸ¥è¯¢ï¼Œå‚æ•°é›†çš„è®¾ç½® 
         * @return           è¿”å›æŸ¥è¯¢çš„æ•°æ®é›†
         * @throws SQLException   æŠ›å‡ºSQLExceptionç”±ç”¨æˆ·è‡ªå·±å»ç‰¹æ®Šå¤„ç†
         */
        public static ResultSet executeQuery(String sql,Object... parameter) throws SQLException
        {
                Connection conn = null;
                
                conn = JDBCUtils.createConnection();
                return executeQuery(conn,sql, parameter);
                /*finally
                {
                        JDBCUtils.closeQuietly(conn);
                }*/
                
        }
        /**
         * @param conn       æ•°æ®åº“è¿æ¥
         * @param sql        sqlçš„selectä¸ä¿®æ”¹æ•°æ®åº“çš„è¯­å¥
         * @param parameter  å‚æ•°åŒ–çš„æŸ¥è¯¢ï¼Œå‚æ•°é›†çš„è®¾ç½® 
         * @return           è¿”å›æŸ¥è¯¢çš„æ•°æ®é›†
         * @throws SQLException   æŠ›å‡ºSQLExceptionç”±ç”¨æˆ·è‡ªå·±å»ç‰¹æ®Šå¤„ç†
         */
        public static ResultSet executeQuery(Connection conn,String sql,Object... parameter) throws SQLException
        {
                PreparedStatement ps = null;
                ps = conn.prepareStatement(sql);
                int i =1;
                if(parameter != null)
                {
                        for(Object pa1:parameter)
                        {
                                ps.setObject(i, pa1);
                                i++;
                        }
                }
                ResultSet rs = ps.executeQuery();
                return rs;        
        }
        /**
         * ä»resultSetä¸­å…³é—­æ‰€æœ‰çš„è¿æ¥
         * @param rs
         */
        static void closeAll(ResultSet rs)
        {
                if(rs == null)
                {
                        return;
                }
                try
                {
                        JDBCUtils.closeQuietly(rs.getStatement().getConnection());
                        JDBCUtils.closeQuietly(rs.getStatement());
                        JDBCUtils.closeAll(rs);
                }catch(SQLException e)
                {
                        
                }
        }
        /**
         *  å…³é—­PreparedStatmentè¿æ¥
         * @param ps   PreparedStatmentå¯¹è±¡
         */
        //static void closeQuietly(PreparedStatement ps)
        static void closeQuietly(Statement ps)
        {
                if(ps!= null)
                {
                        try
                        {
                                ps.close();
                        }catch(SQLException e)
                        {
                        
                        }
                }
        }
        /**
         *  å…³é—­Connectionè¿æ¥
         * @param connn   Connectionå¯¹è±¡
         */
        static void closeQuietly(Connection conn)
        {
                if(conn!= null)
                {
                        try
                        {
                                conn.close();
                        }catch(SQLException e)
                        {
                        
                        }
                }
        }
        /**
         *  å…³é—­ResultSetè¿æ¥
         * @param rs   ResultSetå¯¹è±¡
         */
        static void closeQuietly(ResultSet rs)
        {
                if(rs!= null)
                {
                        try
                        {
                                rs.close();
                        }catch(SQLException e)
                        {
                        
                        }
                }
        }
}
&lt;/code&gt;&lt;/pre&gt;

&lt;p&gt;æ€è·¯æ€»ç»“ï¼š
1ï¼šåˆ©ç”¨é…ç½®è¡¨ï¼Œè½½å…¥mysqlå’Œæ•°æ®åº“ä¿¡æ¯
2ï¼šåˆ©ç”¨é™æ€ä»£ç æ®µè½½å…¥é©±åŠ¨ï¼ˆåªéœ€è¦ä¸€æ¬¡ï¼‰
3ï¼š ç¼–å†™ å¸¦connectionçš„executeUpdateå’ŒexecuteQuery,å¹¶ä¸”åœ¨executeResultä¸è¦å…³é—­ä»»ä½•ä¿¡æ¯ï¼Œå¾…ç»Ÿä¸€å…³é—­
4ï¼š ç¼–å†™ ä¸å¸¦Connectionçš„executeUpdateå’ŒexecuteQuery,å†…éƒ¨è°ƒç”¨å¸¦Connctionç‰ˆæœ¬çš„è€Œå¯’æš‘
5ï¼š ç¼–å†™closeQuietlyå‡½æ•°  å’ŒcloseAllå‡½æ•°ï¼Œåœ¨è°ƒç”¨executeQuery,å¹¶å…³é—­closeAllå³å¯&lt;/p&gt;

&lt;p&gt;ç»ƒä¹ ä½¿ç”¨ctrl+O æ‰“å¼€æ–¹æ³•ã€‚ã€‚ï¼ˆå¤§å¹´30 åˆšå–å®ŒåŠç¢—é…’  ç»§ç»­ã€‚ã€‚ã€‚ï¼‰&lt;/p&gt;

&lt;p&gt;5äº‹åŠ¡çš„ç»ƒä¹ 1ï¼š&lt;/p&gt;

&lt;pre&gt;&lt;code class=&#34;language-java&#34;&gt;/**
* 
*/
package com.jdbc.test;

/**
* @author    å¶æ˜­è‰¯
* @time      2015å¹´2æœˆ18æ—¥ä¸‹åˆ1:43:28
* @version   com.jdbc.testtransaction1 V1.0
*/
import java.sql.*;
public class transaction1
{

        /**
         * @param args
         */
        public static void main(String[] args)
        {
                // TODO Auto-generated method stub
                Connection conn = null;
                PreparedStatement ps1 = null;
                PreparedStatement ps2 = null;
                try
                {
                    conn = JDBCUtils.createConnection();
                    conn.setAutoCommit(false);
                    ps1 = conn.prepareStatement(&amp;quot;Update t_person Set Age=Age+1 where Name=&#39;yezhao&#39;&amp;quot;);
                    ps1.executeUpdate();
                    ps2 = conn.prepareStatement(&amp;quot;Update t_person Set Age=Age-1 where Name=&#39;xinran&#39;&amp;quot;);
                    ps2.executeUpdate();
                    conn.commit();
                } catch (SQLException e)
                {
                    try
                        {
                                conn.rollback();
                        } catch (SQLException e1)
                        {
                                // TODO Auto-generated catch block
                                e1.printStackTrace();
                        }
                }
        }

}
&lt;/code&gt;&lt;/pre&gt;

&lt;p&gt;æµ‹è¯•navicat å’Œcmdéƒ½æ›´æ–°äº†ã€‚&lt;/p&gt;

&lt;p&gt;6batch+äº‹åŠ¡çš„æ€»å’Œç»ƒä¹ ï¼š&lt;/p&gt;

&lt;pre&gt;&lt;code class=&#34;language-java&#34;&gt;/**
* 
*/
package com.jdbc.test;

/**
* @author    å¶æ˜­è‰¯
* @time      2015å¹´2æœˆ18æ—¥ä¸‹åˆ2:31:56
* @version   com.jdbc.testtestBatchInsertAndUpdate V1.0
*/
import java.sql.*;
public class testBatchInsertAndUpdate
{

        /**
         * @param args
         */
        public static void main(String[] args)
        {
                // TODO Auto-generated method stub
                //åœ¨æ²¡æœ‰æ‰¹é‡å¯¼å…¥æ•°æ®ä¹‹å‰ï¼Œä¸€èˆ¬æ˜¯éœ€è¦èŠ±è´¹å¾ˆé•¿çš„æ—¶é—´ï¼Œç°åœ¨é‡‡ç”¨addbatchè¿›è¡Œ
                Connection conn = null;
                PreparedStatement ps = null;
                String sql=&amp;quot;insert into t_person(Id,Name,Age,Gender)values(?,?,?,?)&amp;quot;;
                //æµ‹è¯•äº†åˆ é™¤æ“ä½œï¼Œsuccess!
                //String sql= &amp;quot;delete from t_person where Name=?&amp;quot;;
                long startTime = System.currentTimeMillis();
                /**
                 * ä¸æ·»åŠ æ‰¹å¤„ç†åï¼Œæ·»åŠ 1000æ¡åè€—æ—¶845
                 *  ä¸æ·»åŠ æ‰¹å¤„ç†  æ·»åŠ 11000æ¡å   è€—æ—¶2604  ,æ‰€ä»¥æˆ‘ä¸çŸ¥é“æ‰¹å¤„ç†çš„å¥½å¤„å•Šï¼ï¼ï¼
                 *                           åæ­£å³ä½¿2530så·¦å³
                 * 
                   æ·»åŠ æ‰¹å¤„ç†å                æ·»åŠ 1000æ¡åè€—æ—¶799
                                                 æ·»åŠ 11000æ¡åè€—æ—¶3206
                                                 æ·»åŠ 11000æ¡åè€—æ—¶3143(æ¯ä¸ª1000æäº¤ä¸€æ¬¡ï¼‰


                 */
                try
                {
                        //ä¹‹å‰è¡¨ä¸­å·²æœ‰ 215è¡Œ
                        conn = JDBCUtils.createConnection();
                        conn.setAutoCommit(false);//ç›¸å½“äºbeginçš„ä½œç”¨
                        ps = conn.prepareStatement(sql);
                        for(int i = 316;i &amp;lt; 11316;i++)
                        {
                                //JDBCUtils.executeUpdate(conn, sql, i,&amp;quot;Autumn&amp;quot;,20,1);
                                //ps.clearParameters();
                                ps.setInt(1, i);
                                ps.setString(2,&amp;quot;Winter&amp;quot;);
                                ps.setInt(3, 21);
                                ps.setBoolean(4, true);
                                //ps.executeUpdate();
                                
                                
                                /**
                                 * if(i%1000 == 0) //æ¯ä¸ª1000æ¬¡æäº¤ä¸€æ¬¡ï¼ï¼ï¼è¿™æ ·å¥½ï¼
                                 * {
                                 *    ps.executeBatch();
                                 *  }
                                 *  å°‘äº1000æ¬¡çš„æœ€åä¸€ç¬”  å†ç”¨ä¸€æ¬¡ps.executeBatch();
                                 */
                                ps.addBatch(); //æ®è¯´æ˜¯è£…åˆ°ç®±å­çš„ä½œç”¨
                                if(i%1000 == 0)
                                {
                                        ps.executeBatch();
                                }
                        }
                                //JDBCUtils.executeUpdate(conn, sql, i,&amp;quot;Autumn&amp;quot;,20,1);
                                //æµ‹è¯•åˆ é™¤ä½¿ç”¨çš„
                                //JDBCUtils.executeUpdate(conn, sql, &amp;quot;Autumn&amp;quot;);
                        //}
                        ps.executeBatch(); //æŠŠç®±å­é‡Œé¢çš„æ•°æ® ç›´æ¥ä¸€æ¬¡æ€§æäº¤mysql
                        conn.commit();
                        System.out.println(&amp;quot;æ·»åŠ 1000æ¡åè€—æ—¶&amp;quot;+(System.currentTimeMillis()
                                        -startTime));
                }catch(SQLException e)
                {
                        try
                        {
                                conn.rollback();
                        } catch (SQLException e1)
                        {
                                // TODO Auto-generated catch block
                                e1.printStackTrace();
                        }
                }finally
                {
                        JDBCUtils.closeQuietly(conn);
                }
                
        }

}
&lt;/code&gt;&lt;/pre&gt;

&lt;p&gt;7å¯¼å…¥æ‰‹æœºè´¦ç°¿ï¼Œå¹¶è¿›è¡Œæ‰‹æœºå·æ‰€åœ¨åœ°çš„æŸ¥è¯¢&lt;/p&gt;

&lt;pre&gt;&lt;code class=&#34;language-java&#34;&gt;/**
* 
*/
package com.jdbc.test;

/**
* @author    å¶æ˜­è‰¯
* @time      2015å¹´2æœˆ18æ—¥ä¸‹åˆ3:49:22
* @version   com.jdbc.testphoneCheck V1.0
*/
import java.io.*;
import java.sql.*;
import java.util.Scanner;


public class phoneCheck
{

        /**
         * @param args
         */
/**
* ID,MobileNumber,MobileArea,MobileType,AreaCode,PostCode,0
        è¿æ¥æˆåŠŸ
        æ€»å…±æ·»åŠ äº†300105æ¡æ•°æ®.è€—æ—¶ï¼š64712
*/
        private static void load()
        {
                //å¯¼å…¥csvæ•°æ®ï¼Œåˆ©ç”¨BufferedInputStream
          InputStream is = null;
          InputStreamReader isr = null;
          BufferedReader bis = null; //ä¸€è¡Œä¸€è¡Œè¯»å…¥æ•°æ®
          
          Connection conn = null;
          PreparedStatement ps = null;
                int len = 0;
                int i = 0;
                long startms = System.currentTimeMillis();
                try
                {
                        is = new FileInputStream(&amp;quot;e://phone.csv&amp;quot;);
                    isr = new InputStreamReader(is);
                        bis = new BufferedReader(isr);
                        
                        System.out.println(bis.readLine());
                        //ç¬¬ä¸€è¡Œå­—æ®µèˆå»
                        String apple=  null;
                        String[] applePiles = null;
                        //ç¬¬ä¸€æ¬¡æµ‹è¯•  å­—ç¬¦ä¸²çš„è¡Œè¯»å…¥
/*                        System.out.println(bis.readLine());
                        System.out.println(bis.readLine());*/
                        /*apple =bis.readLine();
                        //å­—ç¬¦ä¸²çš„ä¸€æ¬¡å¤±è¯¯ï¼ï¼ å¯¼è‡´æ’å…¥å¤±è´¥ï¼ï¼ï¼‚ï¼‚æ˜¯é»˜è®¤å­˜åœ¨çš„ã€€å¿…é¡»åˆ æ‰
                        apple = apple.replaceAll(&amp;quot;\&amp;quot;&amp;quot;, &amp;quot;&amp;quot;);
                        //ç¬¬äºŒæ¬¡æµ‹è¯• å­—ç¬¦ä¸²åˆ†éš”
                        String[] splitArray = apple.split(&amp;quot;,&amp;quot;);
                        for(String apple1 :splitArray)
                        {
                                System.out.println(apple1);
                        }*/
                        conn = JDBCUtils.createConnection();
                        conn.setAutoCommit(false);
                        
                        String sql = &amp;quot;insert into phone(MobileNumber,MobileArea,MobileType,Area&amp;quot;
                                        + &amp;quot;Code,PostCode) values(?,?,?,?,?);&amp;quot;;
                        ps = conn.prepareStatement(sql);
                        /**
                         * 370ä¸­å›½ç”µä¿¡
                                371ä¸­å›½ç”µä¿¡
                                ä¹‹å æŠ¥é”™ ï¼Œå¯èƒ½æ˜¯ä¸ºç©ºçš„åŸå›  
                         */
                        while((apple=bis.readLine()) != null)
                        {
                                apple = apple.replaceAll(&amp;quot;\&amp;quot;&amp;quot;, &amp;quot;&amp;quot;);
                                applePiles = apple.split(&amp;quot;,&amp;quot;);
                                
                                ps.clearParameters();
                                //ps.setInt(1, Integer.parseInt(applePiles[1].equalsIgnoreCase(&amp;quot;&amp;quot;)?&amp;quot;1111&amp;quot;:applePiles[4]));
                                //ps.setInt(1, Integer.parseInt(applePiles[1]));
                                ps.setString(1, applePiles[1]);
                                ps.setString(2, applePiles[2]);
                                //System.out.println(i+applePiles[3]+applePiles[4]);
                                ps.setString(3, applePiles[3]);
//                                ps.setInt(4, Integer.parseInt(applePiles[4]));//.equalsIgnoreCase(&amp;quot;&amp;quot;)?&amp;quot;1111&amp;quot;:applePiles[4]));
//                                ps.setInt(5, Integer.parseInt(applePiles[5]));//.equalsIgnoreCase(&amp;quot;&amp;quot;)?&amp;quot;1111&amp;quot;:applePiles[4]));
                                ps.setString(4, applePiles[4]);
                                ps.setString(5, applePiles[5]);
                                ps.addBatch();

                                i++;
                                if(i%2000==0)
                                {
                                        ps.executeBatch();
                                }
                        }
                        ps.executeBatch();
                        conn.commit();
                        long endMs = System.currentTimeMillis();
                        System.out.println(&amp;quot;æ€»å…±æ·»åŠ äº†&amp;quot;+i+&amp;quot;æ¡æ•°æ®&amp;quot;+&amp;quot;.è€—æ—¶ï¼š&amp;quot;+(endMs-startms));
                }catch(IOException e)
                {
                        throw new RuntimeException(&amp;quot;è¯»å–æ–‡ä»¶å¼‚å¸¸&amp;quot;);
                }catch(SQLException e)
                {
                        try
                        {
                                conn.rollback();
                        } catch (SQLException e1)
                        {
                                // TODO Auto-generated catch block
                                e1.printStackTrace();
                        } //åˆå¿˜è®°äº†
                        throw new RuntimeException(&amp;quot;æ•°æ®åº“æ’å…¥å¼‚å¸¸ï¼&amp;quot;);
                        
                }
        }
        
        public static void checkPhoneNumber(String PhoneNumber)
        {

                
                PhoneNumber = &amp;quot;%&amp;quot;+PhoneNumber+&amp;quot;%&amp;quot;;
                String sql = &amp;quot;select * from phone where MobileNumber like ?&amp;quot;;
                ResultSet rs  = null;
                try
                {
                        rs = JDBCUtils.executeQuery(sql, PhoneNumber);
                        if(!rs.next())
                        {
                                System.out.println(&amp;quot;å½“å‰ç‰ˆæœ¬æ²¡æœ‰&amp;quot;+PhoneNumber+&amp;quot;çš„ä¿¡æ¯&amp;quot;);
//                                return;
                        }
                        //rs.next();
                        System.out.println(PhoneNumber+&amp;quot;æ‰‹æœºå·æ¥è‡ª&amp;quot;+rs.getString(&amp;quot;MobileArea&amp;quot;)+rs.getString(&amp;quot;MobileType&amp;quot;));
                } catch (SQLException e)
                {
                        // TODO Auto-generated catch block
                        return;
                }finally
                {
                        JDBCUtils.closeAll(rs);
                }
                
        }
        public static void main(String[] args)
        {
                // TODO Auto-generated method stub
                //å¯¼å…¥ä¸€æ¬¡å³å¯
                //load();
                while(true)
                {
                        System.out.println(&amp;quot;è¯·è¾“å…¥æ‰‹æœºå·(è‡³å°‘7ä½)&amp;quot;);
                        Scanner sc = new Scanner(System.in);
                        String PhoneNumber = sc.nextLine();
                        
                        if(PhoneNumber.equalsIgnoreCase(&amp;quot;exit&amp;quot;)||PhoneNumber.equalsIgnoreCase(&amp;quot;quit&amp;quot;))
                        {
                                return;
                        }
                        PhoneNumber = PhoneNumber.substring(0,7);
                        checkPhoneNumber(PhoneNumber);
                }
                
        }

}

&lt;/code&gt;&lt;/pre&gt;

&lt;p&gt;JDBCUtils ç¬¬ä¸€éé‡å†™ï¼š&lt;/p&gt;

&lt;p&gt;//å†æ¬¡ä¹¦å†™çš„æ—¶å€™  æ³¨æ„ å¯¹äºåƒæ‰çš„å¼‚å¸¸çš„å¤„ç†
                        //ç¬¬äºŒ  åœ¨é™æ€ä»£ç æ®µä¸­  åŠ è½½mysqlé©±åŠ¨
                        //é™æ€ä»£ç å—çš„ä¸¤ä¸ªä½œç”¨ï¼šåŠ è½½é…ç½®æ§ä»¶ï¼ŒåŠ è½½é©±åŠ¨&lt;/p&gt;

&lt;pre&gt;&lt;code&gt;                    //try....finally  å¯ä»¥åœ¨throw SQLExceptionçš„æƒ…å†µä¸‹ä½¿ç”¨ï¼Œæœ€åå…³é—­éœ€è¦çš„è¿æ¥
                    //è¿›ä¸€æ­¥ä½“ä¼šä¸¤ä¸ªexecuteUpdateçš„åŒºåˆ«ï¼ˆexecuteQueryä¹Ÿæ˜¯ä¸€æ ·ï¼‰
                    //ä¸€ä¸ªæŠ›å‡ºå¼‚å¸¸ ä¸€ä¸ªåˆ™è´Ÿè´£æ¥ä½ å¹¶ç»§ç»­å…³é—­çš„ç›¸åº”çš„è¿æ¥
                    //try....finally å’Œtry...catch....finallyçš„é…åˆä½¿ç”¨

                    //åœ¨æŸ¥è¯¢æ—¶å€™çš„ç¼–å†™ åˆ™æ˜¯éƒ½æŠ›å‡ºï¼ ä¸è´Ÿè´£å…³é—­ï¼ï¼ ç­‰åˆ°æŸ¥è¯¢çš„æ—¶å€™ï¼ ç»Ÿä¸€çš„å»å…³é—­
                    //å› ä¸ºå¯èƒ½å­˜åœ¨å¤šå¤„æŸ¥è¯¢
&lt;/code&gt;&lt;/pre&gt;

&lt;p&gt;å¤åˆ¶ä»£ç 
JDBCUtils ç¬¬äºŒéé‡å†™ï¼š
* @time      2015å¹´2æœˆ19æ—¥ä¸‹åˆ9:52:52
*                          10:20å®Œæˆ            28minå·¦å³&lt;/p&gt;

&lt;p&gt;//ç¬¬ä¸‰æ¬¡é‡å†™ æ„è¯†åˆ°äº†  é™æ€ä»£ç å¿«ä¸èƒ½åŠ è½½ æ£€æŸ¥æ€§çš„å¼‚å¸¸! åœ¨try&amp;mdash;catchçš„æ—¶å€™
        //ä¸€å®šå¾—throw new RuntimeException æ‰ä¸è‡³äºæŠ¥é”™&lt;/p&gt;

&lt;pre&gt;&lt;code&gt;    //å±…ç„¶å¿˜è®°äº†å…ˆé‡å†™ Connectionçš„åˆ›å»ºï¼ç›´æ¥close,!æœ‰ç‚¹é”™ä¹±çš„æ„Ÿè§‰ï¼
    //åº”è¯¥æ˜¯æŒ‰ç…§é€»è¾‘çš„é¡ºåºè¿›è¡Œç¼–å†™ï¼Œå…ˆæ˜¯åˆ›å»ºè¿æ¥ï¼ æœ€ååœ¨å…³é—­
    //åªä¸è¿‡å½“æ—¶æ˜¯è¿™æ ·æƒ³çš„ï¼ å…¶å®è¿™äº›å…³é—­ä¼šä¸€ç›´åå¤çš„ç”¨åˆ°ï¼Œ
    //å°±æƒ³ç€å…ˆæŠŠä»–ä»¬ç»™å†™ä¸Šï¼ä¹Ÿæ˜¯ç¬¦åˆé€»è¾‘ï¼å› ä¸ºé€»è¾‘é‡Œé¢ä»–ä»¬æ˜¯åå¤è¢«
    //è°ƒç”¨çš„å°æ’ä»¶

    //åŒæ—¶åœ¨åˆ›å»ºconnectionå†ç–‘é—®æ˜¯å¦æŠ›å‡ºå¼‚å¸¸ï¼Ÿ æœ€ç»ˆæŠ›å‡ºäº†ï¼Ÿ
    //ä¸ºä»€ä¹ˆï¼Ÿ  å› ä¸ºè¿™ä¸ªå¼‚å¸¸æ˜¯è‡ªå·±å¯ä»¥å¤„ç†çš„
    //è¿è¿æ¥éƒ½æ‹¿ä¸åˆ° ï¼é‚£å°±ç›´æ¥è¿”å›å§ï¼è‚¯å®šç¨‹åºæ˜¯æœ‰é—®é¢˜çš„

    //è‡³äºexecuteUpate executeQueryçš„å¼‚å¸¸éƒ½äº¤ç”± è°ƒç”¨è€…å»å¤„ç†ä»–çš„å¼‚å¸¸
&lt;/code&gt;&lt;/pre&gt;

&lt;p&gt;å¤åˆ¶ä»£ç 
JDBCUtils ç¬¬ä¸‰éé‡å†™ï¼š&lt;/p&gt;

&lt;ul&gt;
&lt;li&gt;@time      2015å¹´2æœˆ19æ—¥ä¸‹åˆ10:21:46&lt;/li&gt;

&lt;li&gt;&lt;p&gt;10:40  ç»“æŸ      19min&lt;/p&gt;

&lt;ul&gt;
&lt;li&gt;ä¹¦å†™ç¬¬å››éçš„æ—¶å€™  é‡åˆ°ä¸€ä¸ªé—®é¢˜ åœ¨executeUpdateçš„æ—¶å€™  æ˜¯ä¸æ˜¯æ”¹åœ¨

&lt;ul&gt;
&lt;li&gt;try&amp;hellip;finally   çš„tryå—å°±åº”è¯¥è¿”å›äº† è€Œä¸æ˜¯finallyçš„åé¢&lt;/li&gt;
&lt;li&gt;å¦‚æœåœ¨åé¢ è‚¯å®šæ˜¯é”™è¯¯çš„ï¼ï¼ï¼å› ä¸ºèµ„æºå·²ç»å…³é—­
å¤åˆ¶ä»£ç 
JDBCUtils ç¬¬å››éé‡å†™ï¼š&lt;/li&gt;
&lt;/ul&gt;&lt;/li&gt;
&lt;/ul&gt;&lt;/li&gt;

&lt;li&gt;&lt;p&gt;@time      2015å¹´2æœˆ19æ—¥ä¸‹åˆ10:41:37&lt;/p&gt;&lt;/li&gt;

&lt;li&gt;&lt;p&gt;10:55     14min&lt;/p&gt;&lt;/li&gt;
&lt;/ul&gt;</description>
    </item>
    
  </channel>
</rss>
